"Country","Talkgroup","Name",""
"","4000","Disconnect","LH Hoseline Wiki"
"AD","213","Andorra","LH Hoseline Wiki"
"AE","430","United Arab Emirates","LH Hoseline Wiki"
"AL","276","Albania","LH Hoseline Wiki"
"AM","283","Armenia","LH Hoseline Wiki"
"AM","283001","Armenia Global","LH Hoseline Wiki"
"AN","362","Curaçao","LH Hoseline Wiki"
"AN","3622","PJ2 Tech","LH Hoseline Wiki"
"AR","722","Argentina","LH Hoseline Wiki"
"AR","7220","Caba","LH Hoseline Wiki"
"AR","7221","Amba","LH Hoseline Wiki"
"AR","7222","Circulo Rosario","LH Hoseline Wiki"
"AR","7223","Argentina Network","LH Hoseline Wiki"
"AR","7224","AR-Nautica","LH Hoseline Wiki"
"AR","7225","Argentina Digital","LH Hoseline Wiki"
"AR","7226","Hamradio ARG","LH Hoseline Wiki"
"AR","7227","Argentina Link","LH Hoseline Wiki"
"AR","7229","Argentina Room","LH Hoseline Wiki"
"AR","72201","DMR Buenos Aires","LH Hoseline Wiki"
"AR","72205","AR Cordoba","LH Hoseline Wiki"
"AT","232","Austria","LH Hoseline Wiki"
"AT","2320","OE-Master","LH Hoseline Wiki"
"AT","2321","Wien","LH Hoseline Wiki"
"AT","2322","Salzburg","LH Hoseline Wiki"
"AT","2323","Niederoesterreich","LH Hoseline Wiki"
"AT","2324","Burgenland","LH Hoseline Wiki"
"AT","2325","Oberoesterreich","LH Hoseline Wiki"
"AT","2326","Steiermark","LH Hoseline Wiki"
"AT","2327","Tirol","LH Hoseline Wiki"
"AT","2328","Kaernten","LH Hoseline Wiki"
"AT","2329","Vorarlberg","LH Hoseline Wiki"
"AT","23200","TAC 1 Austria","LH Hoseline Wiki"
"AT","23207","Suedtirol","LH Hoseline Wiki"
"AT","23225","P25 Austria","LH Hoseline Wiki"
"AT","23229","Vorarlberg Tech","LH Hoseline Wiki"
"AT","23290","BM OE","LH Hoseline Wiki"
"AT","23299","TAC 2 Austria","LH Hoseline Wiki"
"AU","505","Australia","LH Hoseline Wiki"
"AU","5050","XLX500 G","LH Hoseline Wiki"
"AU","5051","Australian capital territory","LH Hoseline Wiki"
"AU","5052","Australia New South Wales","LH Hoseline Wiki"
"AU","5053","Australia Victoria","LH Hoseline Wiki"
"AU","5054","Australia Queensland","LH Hoseline Wiki"
"AU","5055","South Australia","LH Hoseline Wiki"
"AU","5056","Western Australia","LH Hoseline Wiki"
"AU","5057","Tasmania","LH Hoseline Wiki"
"AU","5058","Australia Northern territory","LH Hoseline Wiki"
"AU","50501","XLX389A","LH Hoseline Wiki"
"AU","50503","XLX389C","LH Hoseline Wiki"
"AU","50510","XLX510 D","LH Hoseline Wiki"
"AU","50521","IARS Chat","LH Hoseline Wiki"
"AU","50525","P25 50525 Bridge","LH Hoseline Wiki"
"AU","50526","CCARC","LH Hoseline Wiki"
"AU","50531","VK3 Chat 1","LH Hoseline Wiki"
"AU","50533","S.P.A.R.C","LH Hoseline Wiki"
"AU","50539","NEX-GEN","LH Hoseline Wiki"
"AU","50566","WICEN","LH Hoseline Wiki"
"AU","50590","VK2HK-2-ROOM Wires-X","LH Hoseline Wiki"
"AU","50591","VK2GP-ND wires-x","LH Hoseline Wiki"
"AU","50592","VK3KAY-ROOM wires-x","LH Hoseline Wiki"
"AU","50593","XRF740 C","LH Hoseline Wiki"
"AU","50594","VK2RFG-ROOM","LH Hoseline Wiki"
"AW","363","Aruba","LH Hoseline Wiki"
"AX","2440","AX OH0","LH Hoseline Wiki"
"AX","24400","AX OH0 QSY","LH Hoseline Wiki"
"AX","24409","AX OH0 SAR/FRT","LH Hoseline Wiki"
"AZ","400","Azerbaijan","LH Hoseline Wiki"
"BA","218","Bosnia and Herzegovina","LH Hoseline Wiki"
"BA","21810","Republic of Srpska","LH Hoseline Wiki"
"BA","21811","Prijedor Region","LH Hoseline Wiki"
"BA","21812","Banjaluka Region","LH Hoseline Wiki"
"BA","21877","ZRHB Group","LH Hoseline Wiki"
"BD","470","Bangladesh","LH Hoseline Wiki"
"BE","206","Belgium","LH Hoseline Wiki"
"BE","2061","Belgium North","LH Hoseline Wiki"
"BE","2062","Belgium South","LH Hoseline Wiki"
"BE","2063","Belgium East","LH Hoseline Wiki"
"BE","2064","Belgium OnDemand 4","LH Hoseline Wiki"
"BE","2065","Belgium OnDemand 5","LH Hoseline Wiki"
"BE","2066","Belgium OnDemand 6","LH Hoseline Wiki"
"BE","2067","Belgium OnDemand 7","LH Hoseline Wiki"
"BE","2068","Belgium OnDemand 8","LH Hoseline Wiki"
"BE","2069","Belgium OnDemand 9","LH Hoseline Wiki"
"BE","20601","Belgium North YSF Bridge","LH Hoseline Wiki"
"BE","20602","Belgium South YSF Bridge","LH Hoseline Wiki"
"BE","20610","QO-100","LH Hoseline Wiki"
"BE","20681","Gembloux","LH Hoseline Wiki"
"BG","284","Bulgaria","LH Hoseline Wiki"
"BG","2840","TEST","LH Hoseline Wiki"
"BG","2842","Sofia","LH Hoseline Wiki"
"BG","2843","Plovdiv","LH Hoseline Wiki"
"BG","28430","LZ0PLD-R","LH Hoseline Wiki"
"BG","284112","EmComm BG","LH Hoseline Wiki"
"BG","284359","XLX359B","LH Hoseline Wiki"
"BH","426","Bahrein","LH Hoseline Wiki"
"BH","4269","BARS","LH Hoseline Wiki"
"BO","736","Bolivia","LH Hoseline Wiki"
"BR","724","Brazil Nacional","LH Hoseline Wiki"
"BR","724942","XLX-YSF 724","LH Hoseline Wiki"
"BS","364","Bahamas","LH Hoseline Wiki"
"BT","402","Bhutan","LH Hoseline Wiki"
"BY","257","Belarus","LH Hoseline Wiki"
"BY","25701","Belarus / Minsk","LH Hoseline Wiki"
"CA","302","Canada Wide","LH Hoseline Wiki"
"CA","3020","Newfoundland & Labrador","LH Hoseline Wiki"
"CA","3021","Nova Scotia","LH Hoseline Wiki"
"CA","3022","Quebec","LH Hoseline Wiki"
"CA","3023","Ontario","LH Hoseline Wiki"
"CA","3024","Manitoba","LH Hoseline Wiki"
"CA","3025","Saskatchewan","LH Hoseline Wiki"
"CA","3026","Alberta","LH Hoseline Wiki"
"CA","3027","British Columbia","LH Hoseline Wiki"
"CA","3028","Nunavut, Yukon & NWT","LH Hoseline Wiki"
"CA","3029","New Brunswick","LH Hoseline Wiki"
"CA","30205","Atlantic Canada","LH Hoseline Wiki"
"CA","30206","Atlantic / CANWARN","LH Hoseline Wiki"
"CA","30217","The Canada Hub","LH Hoseline Wiki"
"CA","30227","Technique / Tech Talk","LH Hoseline Wiki"
"CA","30230","Southern Ontario Area","LH Hoseline Wiki"
"CA","30234","FlexRadio SIG","LH Hoseline Wiki"
"CA","30235","SWARC","LH Hoseline Wiki"
"CA","30252","SASKWARN","LH Hoseline Wiki"
"CA","30253","SaDARA","LH Hoseline Wiki"
"CA","30271","Canada BC 1","LH Hoseline Wiki"
"CA","30272","Canada BC 2","LH Hoseline Wiki"
"CA","30273","BC Vancouver Island","LH Hoseline Wiki"
"CH","228","Switzerland","LH Hoseline Wiki"
"CH","2280","Schweiz Deutsch","LH Hoseline Wiki"
"CH","2281","Suisse Romande","LH Hoseline Wiki"
"CH","2282","Valais / Wallis","LH Hoseline Wiki"
"CH","2283","Bern / Solothurn","LH Hoseline Wiki"
"CH","2284","Basel","LH Hoseline Wiki"
"CH","2285","Aargau / Zentralschweiz","LH Hoseline Wiki"
"CH","2286","Ticino","LH Hoseline Wiki"
"CH","2287","Graubünden","LH Hoseline Wiki"
"CH","2288","Zürich","LH Hoseline Wiki"
"CH","2289","Ostschweiz","LH Hoseline Wiki"
"CH","22801","UA 1","LH Hoseline Wiki"
"CH","22802","UA 2","LH Hoseline Wiki"
"CH","22803","UA 3","LH Hoseline Wiki"
"CH","22804","UA 4","LH Hoseline Wiki"
"CH","22810","HB9-BM-WIRESX","LH Hoseline Wiki"
"CH","22811","Vaud","LH Hoseline Wiki"
"CH","22812","Genève","LH Hoseline Wiki"
"CH","22813","Alpes Vaudoises","LH Hoseline Wiki"
"CH","22814","Alpes Valaisannes","LH Hoseline Wiki"
"CH","22815","Neuchâtel","LH Hoseline Wiki"
"CH","22817","Fribourg","LH Hoseline Wiki"
"CH","22821","HB9FG Multi","LH Hoseline Wiki"
"CH","22860","Swiss-Italiana","LH Hoseline Wiki"
"CH","22877","Poschiavo","LH Hoseline Wiki"
"CL","730","Chile","LH Hoseline Wiki"
"CL","7300","CE0","LH Hoseline Wiki"
"CL","7301","CE1","LH Hoseline Wiki"
"CL","7302","CE2","LH Hoseline Wiki"
"CL","7303","CE3","LH Hoseline Wiki"
"CL","7304","CE4","LH Hoseline Wiki"
"CL","7305","CE5","LH Hoseline Wiki"
"CL","7306","CE6","LH Hoseline Wiki"
"CL","7307","CE7","LH Hoseline Wiki"
"CL","7308","CE8","LH Hoseline Wiki"
"CL","7309","CE9","LH Hoseline Wiki"
"CL","73090","CE3SER Coordination","LH Hoseline Wiki"
"CL","73099","Chile Link","LH Hoseline Wiki"
"CL","730911","EMCOMM Chile","LH Hoseline Wiki"
"CN","460","China","LH Hoseline Wiki"
"CN","46001","National Multi mode","LH Hoseline Wiki"
"CN","46002","China Section #2","LH Hoseline Wiki"
"CN","46004","China Section #4","LH Hoseline Wiki"
"CN","46005","China Section #5","LH Hoseline Wiki"
"CN","46007","China Section #7","LH Hoseline Wiki"
"CN","46010","Beijing","LH Hoseline Wiki"
"CN","46020","Guangzhou","LH Hoseline Wiki"
"CN","46021","Shanghai","LH Hoseline Wiki"
"CO","732","República de Colombia","LH Hoseline Wiki"
"CO","7320","Colombia HK0 Zone","LH Hoseline Wiki"
"CO","7323","Colombia HK3 Zone","LH Hoseline Wiki"
"CO","7325","Colombia HK5 Zone","LH Hoseline Wiki"
"CO","7326","Colombia HK6 Zone","LH Hoseline Wiki"
"CO","73203","Colombia Digi-Link","LH Hoseline Wiki"
"CO","73209","CAFÉ DIGITAL COLOMBIA","LH Hoseline Wiki"
"CO","73257","Colombia-Links","LH Hoseline Wiki"
"CO","732911","HK EMMCOMM","LH Hoseline Wiki"
"CR","712","Costa Rica","LH Hoseline Wiki"
"CR","71200","CRLinkHub","LH Hoseline Wiki"
"CU","368","Cuba","LH Hoseline Wiki"
"CY","280","Cyprus","LH Hoseline Wiki"
"CY","2802","Nicosia","LH Hoseline Wiki"
"CY","2803","Famagusta","LH Hoseline Wiki"
"CY","2804","Larnaca","LH Hoseline Wiki"
"CY","2805","Limassol","LH Hoseline Wiki"
"CY","2806","Paphos","LH Hoseline Wiki"
"CY","2807","Kyrenia","LH Hoseline Wiki"
"CY","28091","Youth 1","LH Hoseline Wiki"
"CY","28092","Youth 2","LH Hoseline Wiki"
"CY","28096","XLX146","LH Hoseline Wiki"
"CY","28097","WiresX Cyprus","LH Hoseline Wiki"
"CZ","230","Czech Republic","LH Hoseline Wiki"
"CZ","2300","Czech Crossconect","LH Hoseline Wiki"
"CZ","2301","Bohemia","LH Hoseline Wiki"
"CZ","2302","Moravia","LH Hoseline Wiki"
"DE","262","Deutschland","LH Hoseline Wiki"
"DE","263","MultiMode DL","LH Hoseline Wiki"
"DE","264","DL OPS","LH Hoseline Wiki"
"DE","265","265","LH Hoseline Wiki"
"DE","2620","Sachsen-Anhalt/Mecklenburg-Vorpo","LH Hoseline Wiki"
"DE","2621","Berlin/Brandenburg","LH Hoseline Wiki"
"DE","2622","Hamburg/Schleswig-Holstein","LH Hoseline Wiki"
"DE","2623","Niedersachsen/Bremen","LH Hoseline Wiki"
"DE","2624","Nordrhein-Westfalen","LH Hoseline Wiki"
"DE","2625","Rheinland-Pfalz/Saarland","LH Hoseline Wiki"
"DE","2626","Hessen","LH Hoseline Wiki"
"DE","2627","Baden-Württemberg","LH Hoseline Wiki"
"DE","2628","Bayern","LH Hoseline Wiki"
"DE","2629","Sachsen/Thüringen","LH Hoseline Wiki"
"DE","26200","TAC 1","LH Hoseline Wiki"
"DE","26201","DL Maritime","LH Hoseline Wiki"
"DE","26202","DL Aeronautical","LH Hoseline Wiki"
"DE","26207","Sachsen-Anhalt","LH Hoseline Wiki"
"DE","26209","Brandenburg","LH Hoseline Wiki"
"DE","26211","OV F11 Bad Homburg","LH Hoseline Wiki"
"DE","26212","Berlin-City","LH Hoseline Wiki"
"DE","26215","ILS Opf. Nord","LH Hoseline Wiki"
"DE","26217","Mecklenburg - Vorpommern","LH Hoseline Wiki"
"DE","26220","Grossraum Hamburg","LH Hoseline Wiki"
"DE","26221","Hamburg-City","LH Hoseline Wiki"
"DE","26222","Ostholstein-Nord","LH Hoseline Wiki"
"DE","26223","Chaoswelle","LH Hoseline Wiki"
"DE","26224","Elbe-Weser","LH Hoseline Wiki"
"DE","26225","AFU-Nord","LH Hoseline Wiki"
"DE","26226","DMR Netzverbund Nord","LH Hoseline Wiki"
"DE","26227","DMR Netzverbund Nord","LH Hoseline Wiki"
"DE","26228","Ostholstein-Sued","LH Hoseline Wiki"
"DE","26229","Suedholstein","LH Hoseline Wiki"
"DE","26230","Region Hannover","LH Hoseline Wiki"
"DE","26231","NI Mitte","LH Hoseline Wiki"
"DE","26232","Dreiländereck Mitte Deutschland","LH Hoseline Wiki"
"DE","26233","TAC 3","LH Hoseline Wiki"
"DE","26234","NI-Sued","LH Hoseline Wiki"
"DE","26235","NI Suedheide","LH Hoseline Wiki"
"DE","26236","NI-Nord","LH Hoseline Wiki"
"DE","26237","Nordsee","LH Hoseline Wiki"
"DE","26238","G38 - Wegberg","LH Hoseline Wiki"
"DE","26239","NI Ost","LH Hoseline Wiki"
"DE","26241","Rheinland","LH Hoseline Wiki"
"DE","26242","Muensterland","LH Hoseline Wiki"
"DE","26243","Ruhrgebiet","LH Hoseline Wiki"
"DE","26244","Separee D/ME","LH Hoseline Wiki"
"DE","26245","Rheinland-Sued","LH Hoseline Wiki"
"DE","26246","Niederrhein","LH Hoseline Wiki"
"DE","26247","DG Velbert","LH Hoseline Wiki"
"DE","26248","N16 Rheine","LH Hoseline Wiki"
"DE","26249","IGFS IG Funk Siebengebirge","LH Hoseline Wiki"
"DE","26250","Saarland","LH Hoseline Wiki"
"DE","26251","Pfalz","LH Hoseline Wiki"
"DE","26253","Westpfalz","LH Hoseline Wiki"
"DE","26254","Westerwald","LH Hoseline Wiki"
"DE","26255","Kaiserslautern","LH Hoseline Wiki"
"DE","26256","Eifel-Hunsrueck","LH Hoseline Wiki"
"DE","26257","Siegerland","LH Hoseline Wiki"
"DE","26259","Trier-Saarburg","LH Hoseline Wiki"
"DE","26260","Mittelhessen","LH Hoseline Wiki"
"DE","26261","Nordhessen","LH Hoseline Wiki"
"DE","26262","Rhein-Main-Neckar","LH Hoseline Wiki"
"DE","26263","Bergstrasse","LH Hoseline Wiki"
"DE","26264","Odenwald","LH Hoseline Wiki"
"DE","26265","Taunus","LH Hoseline Wiki"
"DE","26266","TAC 4","LH Hoseline Wiki"
"DE","26267","TETRA Nordhessen","LH Hoseline Wiki"
"DE","26269","Hessen-RLP multimode","LH Hoseline Wiki"
"DE","26270","Stuttgart","LH Hoseline Wiki"
"DE","26271","Baden","LH Hoseline Wiki"
"DE","26272","Neckar-Odenwald","LH Hoseline Wiki"
"DE","26273","BW-Ostalb","LH Hoseline Wiki"
"DE","26274","BW-Böblingen","LH Hoseline Wiki"
"DE","26275","Schwarzwald-Nord","LH Hoseline Wiki"
"DE","26276","Neckar-Alb","LH Hoseline Wiki"
"DE","26277","Schwarzwald","LH Hoseline Wiki"
"DE","26278","BW Herrenberg","LH Hoseline Wiki"
"DE","26279","BW-Mittlerer-Neckar","LH Hoseline Wiki"
"DE","26280","Niederbayern","LH Hoseline Wiki"
"DE","26282","Schwaben","LH Hoseline Wiki"
"DE","26283","Region München","LH Hoseline Wiki"
"DE","26284","Region Franken","LH Hoseline Wiki"
"DE","26285","Oberbayern","LH Hoseline Wiki"
"DE","26286","Coburg-Rennsteig","LH Hoseline Wiki"
"DE","26287","Allgäu-Bodensee","LH Hoseline Wiki"
"DE","26288","Region Bayern Oberland","LH Hoseline Wiki"
"DE","26289","Oberpfalz","LH Hoseline Wiki"
"DE","26290","Frankenwelle","LH Hoseline Wiki"
"DE","26291","Ebersberg Sued","LH Hoseline Wiki"
"DE","26295","Ostthueringen","LH Hoseline Wiki"
"DE","26296","Weimar","LH Hoseline Wiki"
"DE","26297","Dresden","LH Hoseline Wiki"
"DE","26298","Thüringen","LH Hoseline Wiki"
"DE","26299","TAC 2","LH Hoseline Wiki"
"DE","26301","Sachsen-Erzgebirge","LH Hoseline Wiki"
"DE","26302","Leipzig","LH Hoseline Wiki"
"DE","26313","Bergisch Land","LH Hoseline Wiki"
"DE","26314","Brandenburg Sued","LH Hoseline Wiki"
"DE","26322","OV D22 Soziale Medien","LH Hoseline Wiki"
"DE","26331","NI Mitte","LH Hoseline Wiki"
"DE","26333","funkforum.com","LH Hoseline Wiki"
"DE","26334","Funknetz-Celle","LH Hoseline Wiki"
"DE","26339","Magdeburg","LH Hoseline Wiki"
"DE","26340","Hilden","LH Hoseline Wiki"
"DE","26345","Paderborn","LH Hoseline Wiki"
"DE","26346","Ostwestfalen-Lippe","LH Hoseline Wiki"
"DE","26347","IGA Rhein-Erft","LH Hoseline Wiki"
"DE","26348","Westmuensterland","LH Hoseline Wiki"
"DE","26349","Hochsauerland","LH Hoseline Wiki"
"DE","26355","Agfaa","LH Hoseline Wiki"
"DE","26362","P62 Virt. Württemberg","LH Hoseline Wiki"
"DE","26363","Fernmeldezug SAL","LH Hoseline Wiki"
"DE","26370","Ulm / Donau","LH Hoseline Wiki"
"DE","26371","Schwarzwald-Baar-Heuberg","LH Hoseline Wiki"
"DE","26374","ARIG-MN","LH Hoseline Wiki"
"DE","26375","Bodensee-Oberschwaben","LH Hoseline Wiki"
"DE","26377","Ortenau","LH Hoseline Wiki"
"DE","26379","Hochrhein","LH Hoseline Wiki"
"DE","26384","Schrobenhausen","LH Hoseline Wiki"
"DE","26385","Jura","LH Hoseline Wiki"
"DE","26386","Suedostbayern","LH Hoseline Wiki"
"DE","26387","Cham","LH Hoseline Wiki"
"DE","26388","Region Bayern Chiemgau","LH Hoseline Wiki"
"DE","26390","Neumarkt","LH Hoseline Wiki"
"DE","26391","Metropolregion Nuernberg","LH Hoseline Wiki"
"DE","26395","Raute","LH Hoseline Wiki"
"DE","26417","DARC OV Q17","LH Hoseline Wiki"
"DE","26421","C4FM DL-Hamburg","LH Hoseline Wiki"
"DE","26429","DL-Nordwest","LH Hoseline Wiki"
"DE","26439","Eder-Lahn","LH Hoseline Wiki"
"DE","26444","Inselfreunde","LH Hoseline Wiki"
"DE","26446","Multibridge OWL","LH Hoseline Wiki"
"DE","26447","OWL-Talk","LH Hoseline Wiki"
"DE","26486","draussenfunker.de","LH Hoseline Wiki"
"DE","26538","Nordharz","LH Hoseline Wiki"
"DE","26577","Germany DX","LH Hoseline Wiki"
"DE","26585","TETRA Oberbayern","LH Hoseline Wiki"
"DE","26591","HyTalk chat","LH Hoseline Wiki"
"DE","26599","BFG Siemens","LH Hoseline Wiki"
"DE","262339","H32-Lehrte","LH Hoseline Wiki"
"DE","262810","Pegasus-Projekt","LH Hoseline Wiki"
"DE","262826","DM0QN","LH Hoseline Wiki"
"DE","262841","Region Ingolstadt","LH Hoseline Wiki"
"DE","262872","Amberg","LH Hoseline Wiki"
"DE","262876","Ostallgäu","LH Hoseline Wiki"
"DE","263112","HiOrg-Talk EmComm","LH Hoseline Wiki"
"DE","263113","(Un)Wetter Netz","LH Hoseline Wiki"
"DE","263301","Bahnfreunde","LH Hoseline Wiki"
"DE","263333","Twitterrunde","LH Hoseline Wiki"
"DE","263815","Funkerportal","LH Hoseline Wiki"
"DE","263907","JOTA DL","LH Hoseline Wiki"
"DE","264555","IG HamSpirit","LH Hoseline Wiki"
"DE","265112","Notfunk-Deutschland","LH Hoseline Wiki"
"DK","238","Denmark","LH Hoseline Wiki"
"DK","2381","Denmark Nordjylland","LH Hoseline Wiki"
"DK","2382","Denmark Midtjylland","LH Hoseline Wiki"
"DK","2383","Denmark Syddanmark","LH Hoseline Wiki"
"DK","2384","Denmark Copenhagen","LH Hoseline Wiki"
"DK","2385","Denmark Sjaelland","LH Hoseline Wiki"
"DK","2386","QSY1 Chat","LH Hoseline Wiki"
"DK","2387","QSY2 Chat","LH Hoseline Wiki"
"DK","23812","WiresX CQ-DENMARK","LH Hoseline Wiki"
"DK","23824","BornHack","LH Hoseline Wiki"
"DK","23888","OZ0FT Link","LH Hoseline Wiki"
"DM","366","Dominica","LH Hoseline Wiki"
"DO","370","Dominican Republic","LH Hoseline Wiki"
"DO","37022","RDNet","LH Hoseline Wiki"
"DO","37040","DMR DOMINICAN REPUBLIC","LH Hoseline Wiki"
"DZ","603","Algeria","LH Hoseline Wiki"
"EC","740","Ecuador","LH Hoseline Wiki"
"EC","7400","Ecuador-HC3-Loja-DMR/YSF","LH Hoseline Wiki"
"EC","7401","Ecuador HC3 Loja","LH Hoseline Wiki"
"EC","7402","Ecuador DX Club","LH Hoseline Wiki"
"EE","248","Estonia","LH Hoseline Wiki"
"EE","24804","ES4 Narva Region","LH Hoseline Wiki"
"EE","24810","Estonia-RUS / ham-dmr.ee","LH Hoseline Wiki"
"EG","602","Egypt","LH Hoseline Wiki"
"ES","214","Spain","LH Hoseline Wiki"
"ES","2140","Spain Link","LH Hoseline Wiki"
"ES","2141","Regional EA1","LH Hoseline Wiki"
"ES","2142","Regional EA2","LH Hoseline Wiki"
"ES","2143","Regional EA3","LH Hoseline Wiki"
"ES","2144","Regional EA4","LH Hoseline Wiki"
"ES","2145","Regional EA5","LH Hoseline Wiki"
"ES","2146","Regional EA6","LH Hoseline Wiki"
"ES","2147","Regional EA7","LH Hoseline Wiki"
"ES","2148","Regional EA8","LH Hoseline Wiki"
"ES","2149","Regional EA9","LH Hoseline Wiki"
"ES","21401","Provincial Araba","LH Hoseline Wiki"
"ES","21402","Provincial Albacete","LH Hoseline Wiki"
"ES","21403","Provincial Alicante","LH Hoseline Wiki"
"ES","21404","Provincial Almería","LH Hoseline Wiki"
"ES","21405","Provincial Avila","LH Hoseline Wiki"
"ES","21406","Provincial Badajoz","LH Hoseline Wiki"
"ES","21407","Provincial Illes Balears","LH Hoseline Wiki"
"ES","21408","Provincial Barcelona","LH Hoseline Wiki"
"ES","21409","Provincial Burgos","LH Hoseline Wiki"
"ES","21410","Provincial Cáceres","LH Hoseline Wiki"
"ES","21411","Provincial Cádiz","LH Hoseline Wiki"
"ES","21412","Provincial Castellón","LH Hoseline Wiki"
"ES","21413","Provincial Ciudad Real","LH Hoseline Wiki"
"ES","21414","Provincial Córdoba","LH Hoseline Wiki"
"ES","21415","Provincial Coruña","LH Hoseline Wiki"
"ES","21416","Provincial Cuenca","LH Hoseline Wiki"
"ES","21417","Provincial Girona","LH Hoseline Wiki"
"ES","21418","Provincial Granada","LH Hoseline Wiki"
"ES","21419","Provincial Guadalajara","LH Hoseline Wiki"
"ES","21420","Provincial Gipuzkoa","LH Hoseline Wiki"
"ES","21421","Provincial Huelva","LH Hoseline Wiki"
"ES","21422","Provincial Huesca","LH Hoseline Wiki"
"ES","21423","Provincial Jaen","LH Hoseline Wiki"
"ES","21424","Provincial Leon","LH Hoseline Wiki"
"ES","21425","Provincial Lleida","LH Hoseline Wiki"
"ES","21426","Provincial La Rioja","LH Hoseline Wiki"
"ES","21427","Provincial Lugo","LH Hoseline Wiki"
"ES","21428","Provincial Madrid","LH Hoseline Wiki"
"ES","21429","Provincial Málaga","LH Hoseline Wiki"
"ES","21430","Provincial Murcia","LH Hoseline Wiki"
"ES","21431","Provincial Navarra","LH Hoseline Wiki"
"ES","21432","Provincial Ourense","LH Hoseline Wiki"
"ES","21433","Provincial Asturias","LH Hoseline Wiki"
"ES","21434","Provincial Palencia","LH Hoseline Wiki"
"ES","21436","Provincial Pontevedra","LH Hoseline Wiki"
"ES","21437","Provincial Salamanca","LH Hoseline Wiki"
"ES","21438","Provincial Tenerife","LH Hoseline Wiki"
"ES","21439","Provincial Cantabria","LH Hoseline Wiki"
"ES","21440","Provincial Segovia","LH Hoseline Wiki"
"ES","21441","Provincial Sevilla","LH Hoseline Wiki"
"ES","21442","Provincial Soria","LH Hoseline Wiki"
"ES","21443","Provincial Tarragona","LH Hoseline Wiki"
"ES","21444","Provincial Teruel","LH Hoseline Wiki"
"ES","21445","Provincial Toledo","LH Hoseline Wiki"
"ES","21446","Provincial Valencia","LH Hoseline Wiki"
"ES","21447","Provincial Valladolid","LH Hoseline Wiki"
"ES","21448","Provincial Bizkaia","LH Hoseline Wiki"
"ES","21449","Provincial Zamora","LH Hoseline Wiki"
"ES","21450","Provincial Zaragoza","LH Hoseline Wiki"
"ES","21451","Provincial Ceuta","LH Hoseline Wiki"
"ES","21452","Provincial Melilla","LH Hoseline Wiki"
"ES","21460","BM-CAT","LH Hoseline Wiki"
"ES","21461","TG de uso libre","LH Hoseline Wiki"
"ES","21462","Técnico","LH Hoseline Wiki"
"ES","21463","TG de uso libre","LH Hoseline Wiki"
"ES","21464","TG de uso libre","LH Hoseline Wiki"
"ES","21466","TG de uso libre","LH Hoseline Wiki"
"ES","21467","TG de uso libre","LH Hoseline Wiki"
"ES","21468","Multimodo","LH Hoseline Wiki"
"ES","21469","Los jóvenes","LH Hoseline Wiki"
"ES","21470","TG de uso libre","LH Hoseline Wiki"
"ES","21471","TG de uso libre","LH Hoseline Wiki"
"ES","21472","TG de uso libre","LH Hoseline Wiki"
"ES","21477","Montaña","LH Hoseline Wiki"
"ES","21482","Tetra Gateway","LH Hoseline Wiki"
"ES","214012","Galicia","LH Hoseline Wiki"
"ES","214112","Emergencias","LH Hoseline Wiki"
"FI","244","Finland","LH Hoseline Wiki"
"FI","2441","FI OH1","LH Hoseline Wiki"
"FI","2442","FI OH2","LH Hoseline Wiki"
"FI","2443","FI OH3","LH Hoseline Wiki"
"FI","2444","FI OH4","LH Hoseline Wiki"
"FI","2445","FI OH5","LH Hoseline Wiki"
"FI","2446","FI OH6","LH Hoseline Wiki"
"FI","2447","FI OH7","LH Hoseline Wiki"
"FI","2448","FI OH8","LH Hoseline Wiki"
"FI","2449","FI OH9","LH Hoseline Wiki"
"FI","24410","FI OH1 QSY","LH Hoseline Wiki"
"FI","24420","FI OH2 QSY","LH Hoseline Wiki"
"FI","24421","FI OH2 PKS","LH Hoseline Wiki"
"FI","24422","FI OH2 L-U","LH Hoseline Wiki"
"FI","24423","FI OH2 I-U","LH Hoseline Wiki"
"FI","24429","FI HyTalk","LH Hoseline Wiki"
"FI","24430","FI OH3 QSY","LH Hoseline Wiki"
"FI","24431","FI OH3 Pir","LH Hoseline Wiki"
"FI","24432","FI OH3 P-H","LH Hoseline Wiki"
"FI","24433","FI OH3 K-H","LH Hoseline Wiki"
"FI","24440","FI OH4 QSY","LH Hoseline Wiki"
"FI","24450","FI OH5 QSY","LH Hoseline Wiki"
"FI","24451","FI OH5 EKa","LH Hoseline Wiki"
"FI","24452","FI OH5 Kymi","LH Hoseline Wiki"
"FI","24460","FI OH6 QSY","LH Hoseline Wiki"
"FI","24461","FI OH6 K-S","LH Hoseline Wiki"
"FI","24462","FI OH6 Pjm","LH Hoseline Wiki"
"FI","24463","FI OH6 Öbo","LH Hoseline Wiki"
"FI","24470","FI OH7 QSY","LH Hoseline Wiki"
"FI","24471","FI OH7 PSa","LH Hoseline Wiki"
"FI","24472","FI OH7 PKa","LH Hoseline Wiki"
"FI","24480","FI OH8 QSY","LH Hoseline Wiki"
"FI","24490","FI OH9 QSY","LH Hoseline Wiki"
"FO","288","Faroe Islands","LH Hoseline Wiki"
"FR","208","France","LH Hoseline Wiki"
"FR","2080","Urgences FR","LH Hoseline Wiki"
"FR","2081","Région Ile de France","LH Hoseline Wiki"
"FR","2082","Région Nord-ouest","LH Hoseline Wiki"
"FR","2083","Région Nord-est","LH Hoseline Wiki"
"FR","2084","Région Sud-est","LH Hoseline Wiki"
"FR","2085","Région Sud-ouest","LH Hoseline Wiki"
"FR","2087","Technique","LH Hoseline Wiki"
"FR","2089","France Dom-Tom","LH Hoseline Wiki"
"FR","20800","Wires-X-France","LH Hoseline Wiki"
"FR","20803","Dépt Allier","LH Hoseline Wiki"
"FR","20810","Dépt Aube","LH Hoseline Wiki"
"FR","20812","Dépt Aveyron","LH Hoseline Wiki"
"FR","20813","Dépt Bouches-du-Rhône","LH Hoseline Wiki"
"FR","20814","Dépt Calvados","LH Hoseline Wiki"
"FR","20818","Dépt Cher","LH Hoseline Wiki"
"FR","20820","Dépt Corse","LH Hoseline Wiki"
"FR","20825","Dépt Doubs","LH Hoseline Wiki"
"FR","20828","Dépt Eure-et-Loir","LH Hoseline Wiki"
"FR","20830","Dépt Gard","LH Hoseline Wiki"
"FR","20835","Dépt Ille et Vilaine","LH Hoseline Wiki"
"FR","20837","Dépt Indre-et-Loire","LH Hoseline Wiki"
"FR","20840","Dépt Landes","LH Hoseline Wiki"
"FR","20843","Dépt Haute-Loire","LH Hoseline Wiki"
"FR","20844","Dépt Loire-Atl","LH Hoseline Wiki"
"FR","20845","Dépt Loiret","LH Hoseline Wiki"
"FR","20853","Dépt Mayenne","LH Hoseline Wiki"
"FR","20857","Dépt Moselle","LH Hoseline Wiki"
"FR","20859","Dépt Nord","LH Hoseline Wiki"
"FR","20866","Dépt Pyrénées-Orientales","LH Hoseline Wiki"
"FR","20867","Dépt Bas-rhin","LH Hoseline Wiki"
"FR","20869","Lyon Rhone-Alpes","LH Hoseline Wiki"
"FR","20872","Département Sarthe","LH Hoseline Wiki"
"FR","20877","Dépt Seine-et-Marne","LH Hoseline Wiki"
"FR","20878","Dépt Yvelines","LH Hoseline Wiki"
"FR","20881","Dépt Tarn","LH Hoseline Wiki"
"FR","20883","Dépt Var","LH Hoseline Wiki"
"FR","20887","Dépt Haute-Vienne","LH Hoseline Wiki"
"FR","20894","Dépt Val-De-Marne","LH Hoseline Wiki"
"FR","20895","Dépt Val-d'Oise","LH Hoseline Wiki"
"FR","208647","Reunion Island","LH Hoseline Wiki"
"FR","208963","RPT Capelle L.G. JO11ea","LH Hoseline Wiki"
"GB","235","UK Call - QSY to 2351 or 2352","LH Hoseline Wiki"
"GB","2350","United Kingdom","LH Hoseline Wiki"
"GB","2351","Chat 1","LH Hoseline Wiki"
"GB","2352","Chat 2","LH Hoseline Wiki"
"GB","2353","Chat 3","LH Hoseline Wiki"
"GB","2354","Ireland","LH Hoseline Wiki"
"GB","2355","Scotland","LH Hoseline Wiki"
"GB","2356","Wales","LH Hoseline Wiki"
"GB","2357","Isle of Man","LH Hoseline Wiki"
"GB","2358","London","LH Hoseline Wiki"
"GB","2359","Kernow","LH Hoseline Wiki"
"GB","23440","Special Events","LH Hoseline Wiki"
"GB","23441","Special Events 1","LH Hoseline Wiki"
"GB","23442","Special Events 2","LH Hoseline Wiki"
"GB","23443","Special Events 3","LH Hoseline Wiki"
"GB","23486","UK-TMO","LH Hoseline Wiki"
"GB","23490","East Anglia","LH Hoseline Wiki"
"GB","23500","S.West","LH Hoseline Wiki"
"GB","23510","S.East","LH Hoseline Wiki"
"GB","23515","Guernsey","LH Hoseline Wiki"
"GB","23516","Jersey","LH Hoseline Wiki"
"GB","23520","N.West","LH Hoseline Wiki"
"GB","23526","Hubnet UK","LH Hoseline Wiki"
"GB","23530","Yorkshire","LH Hoseline Wiki"
"GB","23531","RAYNET UK","LH Hoseline Wiki"
"GB","23540","Ireland Chat","LH Hoseline Wiki"
"GB","23550","Scotland Chat","LH Hoseline Wiki"
"GB","23557","Scotland East","LH Hoseline Wiki"
"GB","23558","Scotland Highland & Islands","LH Hoseline Wiki"
"GB","23559","Scotland West","LH Hoseline Wiki"
"GB","23560","North East","LH Hoseline Wiki"
"GB","23562","M62 Corridor","LH Hoseline Wiki"
"GB","23570","Wales Chat","LH Hoseline Wiki"
"GB","23575","SALOP Cluster","LH Hoseline Wiki"
"GB","23580","West Midland","LH Hoseline Wiki"
"GB","23590","East Midlands","LH Hoseline Wiki"
"GB","235907","JOTA UK","LH Hoseline Wiki"
"GD","352","Grenada","LH Hoseline Wiki"
"GE","282","Georgia","LH Hoseline Wiki"
"GH","620","Ghana","LH Hoseline Wiki"
"GL","290","Greenland","LH Hoseline Wiki"
"Global","91","World-wide","LH Hoseline Wiki"
"Global","92","Europe","LH Hoseline Wiki"
"Global","93","North America","LH Hoseline Wiki"
"Global","94","Asia, Middle East","LH Hoseline Wiki"
"Global","95","Australia, New Zealand","LH Hoseline Wiki"
"Global","98","Radio Test","LH Hoseline Wiki"
"Global","901","WW Tac 1","LH Hoseline Wiki"
"Global","902","WW Tac 2","LH Hoseline Wiki"
"Global","903","WW Tac 3","LH Hoseline Wiki"
"Global","907","JOTA","LH Hoseline Wiki"
"Global","910","German","LH Hoseline Wiki"
"Global","913","English","LH Hoseline Wiki"
"Global","914","Spanish","LH Hoseline Wiki"
"Global","915","Portuguese","LH Hoseline Wiki"
"Global","916","Italian","LH Hoseline Wiki"
"Global","918","YOTA","LH Hoseline Wiki"
"Global","920","DL, OE, HB9","LH Hoseline Wiki"
"Global","922","Dutch","LH Hoseline Wiki"
"Global","923","European English","LH Hoseline Wiki"
"Global","924","Swedish","LH Hoseline Wiki"
"Global","927","Nordic","LH Hoseline Wiki"
"Global","930","PanHellenic Chat","LH Hoseline Wiki"
"Global","937","Francophonie","LH Hoseline Wiki"
"Global","940","Arabic","LH Hoseline Wiki"
"Global","955","WWYL","LH Hoseline Wiki"
"Global","969","DMR-Caribbean","LH Hoseline Wiki"
"Global","971","Basque","LH Hoseline Wiki"
"Global","973","SOTA","LH Hoseline Wiki"
"Global","9071","JOTA Tac 1","LH Hoseline Wiki"
"Global","9072","JOTA Tac 2","LH Hoseline Wiki"
"Global","9073","JOTA Tac 3","LH Hoseline Wiki"
"Global","9074","JOTA Tac 4","LH Hoseline Wiki"
"Global","9075","JOTA Tac 5","LH Hoseline Wiki"
"Global","9076","JOTA Tac 6","LH Hoseline Wiki"
"Global","9077","JOTA Tac 7","LH Hoseline Wiki"
"Global","9078","JOTA Tac 8","LH Hoseline Wiki"
"Global","9101","Worldwide Maritime","LH Hoseline Wiki"
"Global","9102","Worldwide Aviation","LH Hoseline Wiki"
"Global","9107","XRF007 B","LH Hoseline Wiki"
"Global","9112","Emcom EU","LH Hoseline Wiki"
"Global","9201","EURAO","LH Hoseline Wiki"
"Global","9371","Francophonie C4FM","LH Hoseline Wiki"
"Global","9410","ATV Talk","LH Hoseline Wiki"
"Global","9480","ICQ Podcast","LH Hoseline Wiki"
"Global","9500","Collegiate","LH Hoseline Wiki"
"Global","9800","Cafe Gratis","LH Hoseline Wiki"
"Global","9911","Emcom US","LH Hoseline Wiki"
"Global","90710","JOTA DACH","LH Hoseline Wiki"
"Global","91665","RNLMC","LH Hoseline Wiki"
"Global","93224","9-DACH","LH Hoseline Wiki"
"Global","95150","Global NorCal 5150","LH Hoseline Wiki"
"Global","97911","Red Américas EMCOM","LH Hoseline Wiki"
"Global","98003","Reddit","LH Hoseline Wiki"
"Global","98006","AMSAT","LH Hoseline Wiki"
"Global","98008","Military Veterans","LH Hoseline Wiki"
"Global","98012","LBGTQ+","LH Hoseline Wiki"
"Global","98080","Manna/Chowhound","LH Hoseline Wiki"
"Global","98638","WVNET","LH Hoseline Wiki"
"Global","975366","9-PLDMO","LH Hoseline Wiki"
"Global","983477","9-TEHRS","LH Hoseline Wiki"
"Global","983872","9-TETRA","LH Hoseline Wiki"
"GR","202","Διεθνές Ελλάδα","LH Hoseline Wiki"
"GR","2021","Περιοχή 1 Εθνική","LH Hoseline Wiki"
"GR","2022","Περιοχή 2 Εθνική","LH Hoseline Wiki"
"GR","2023","Περιοχή 3 Εθνική","LH Hoseline Wiki"
"GR","2024","Περιοχή 4 Εθνική","LH Hoseline Wiki"
"GR","2025","Περιοχή 5 Εθνική","LH Hoseline Wiki"
"GR","2026","Περιοχή 6 Εθνική","LH Hoseline Wiki"
"GR","2027","Περιοχή 7 Εθνική","LH Hoseline Wiki"
"GR","2028","Περιοχή 8 Εθνική","LH Hoseline Wiki"
"GR","2029","Περιοχή 9 Εθνική","LH Hoseline Wiki"
"GR","20201","Hellenic Tech 1","LH Hoseline Wiki"
"GR","20202","Hellenic Tech 2","LH Hoseline Wiki"
"GR","20203","Hellenic Echolink Bridge","LH Hoseline Wiki"
"GR","20206","XLX145/DStar","LH Hoseline Wiki"
"GR","20207","RAAG XLX737","LH Hoseline Wiki"
"GR","20208","YSF202 Greece","LH Hoseline Wiki"
"GR","20231","PATRAS Group","LH Hoseline Wiki"
"GR","20241","Trikala Greece","LH Hoseline Wiki"
"GR","20261","Ioannina Greece","LH Hoseline Wiki"
"GR","20281","Corfu Island Greece","LH Hoseline Wiki"
"GT","704","Guatemala","LH Hoseline Wiki"
"GT","70403","Guatemala Evento Especial","LH Hoseline Wiki"
"GT","70404","Guatemala Area 4","LH Hoseline Wiki"
"GT","70405","Guatemala Area 5","LH Hoseline Wiki"
"GT","70406","Guatemala Area 6","LH Hoseline Wiki"
"GT","70407","Guatemala Area 7","LH Hoseline Wiki"
"GT","70408","Guatemala Area 8","LH Hoseline Wiki"
"GT","70409","Guatemala Area 9","LH Hoseline Wiki"
"HK","454","Hong Kong","LH Hoseline Wiki"
"HN","708","Honduras","LH Hoseline Wiki"
"HN","7081","Honduras zone 1","LH Hoseline Wiki"
"HN","7082","Honduras zone 2","LH Hoseline Wiki"
"HN","7083","Honduras zone 3","LH Hoseline Wiki"
"HN","7084","Honduras zone 4","LH Hoseline Wiki"
"HN","7085","Honduras zone 5","LH Hoseline Wiki"
"HN","7086","Honduras zone 6","LH Hoseline Wiki"
"HN","7087","Honduras zone 7","LH Hoseline Wiki"
"HN","7088","Honduras zone 8","LH Hoseline Wiki"
"HN","7089","Honduras zone 9","LH Hoseline Wiki"
"HR","219","Croatia","LH Hoseline Wiki"
"HT","372","Haiti","LH Hoseline Wiki"
"HT","3722","Department Ouest","LH Hoseline Wiki"
"HT","3728","Department Sud-Est","LH Hoseline Wiki"
"HT","37218","Haiti Urgences EmComm","LH Hoseline Wiki"
"HU","216","Hungary","LH Hoseline Wiki"
"HU","2161","Hungary East","LH Hoseline Wiki"
"HU","2162","Hungary West","LH Hoseline Wiki"
"HU","2163","Hungary North","LH Hoseline Wiki"
"HU","2164","Hungary South","LH Hoseline Wiki"
"HU","2165","Hungary Test","LH Hoseline Wiki"
"HU","2169","Local repeater","LH Hoseline Wiki"
"HU","2169112","Emergency Hungary","LH Hoseline Wiki"
"ID","510","Indonesia","LH Hoseline Wiki"
"IE","272","Ireland","LH Hoseline Wiki"
"IE","2722","IE Calling","LH Hoseline Wiki"
"IE","2723","IE Chat","LH Hoseline Wiki"
"IE","2724","Bridge to YSF-IE","LH Hoseline Wiki"
"IE","2729","AREN Logistics","LH Hoseline Wiki"
"IE","27230","AREN logistics","LH Hoseline Wiki"
"IE","27240","SIRN Gateway","LH Hoseline Wiki"
"IE","27247","XLX 925 D","LH Hoseline Wiki"
"IE","27248","XLX 925 C","LH Hoseline Wiki"
"IE","27250","Connacht","LH Hoseline Wiki"
"IE","27251","Leinster","LH Hoseline Wiki"
"IE","27252","Munster","LH Hoseline Wiki"
"IE","27253","Ulster","LH Hoseline Wiki"
"IE","27254","Southern Ireland Repeater Group","LH Hoseline Wiki"
"IE","27255","Galway Digital Radio Group","LH Hoseline Wiki"
"IE","27273","EMF Camp Hub","LH Hoseline Wiki"
"IE","27291","AREN Tactical 1","LH Hoseline Wiki"
"IE","272907","JOTA IRL","LH Hoseline Wiki"
"IL","425","Israel","LH Hoseline Wiki"
"IN","404","India","LH Hoseline Wiki"
"IN","40407","Kerala","LH Hoseline Wiki"
"IN","40430","New Delhi","LH Hoseline Wiki"
"IN","40438","Gujarat","LH Hoseline Wiki"
"IN","40459","Uttar Pradesh","LH Hoseline Wiki"
"IN","40480","Bangalore","LH Hoseline Wiki"
"IS","274","Iceland","LH Hoseline Wiki"
"IT","222","Italia","LH Hoseline Wiki"
"IT","22201","Lazio","LH Hoseline Wiki"
"IT","22202","Sardegna","LH Hoseline Wiki"
"IT","22203","Umbria","LH Hoseline Wiki"
"IT","22206","IT Onda Telematica","LH Hoseline Wiki"
"IT","22208","Italy Centro","LH Hoseline Wiki"
"IT","22209","IT Radio Group","LH Hoseline Wiki"
"IT","22211","Liguria","LH Hoseline Wiki"
"IT","22212","Piemonte","LH Hoseline Wiki"
"IT","22213","Valle d’Aosta","LH Hoseline Wiki"
"IT","22215","Rete D2ALP","LH Hoseline Wiki"
"IT","22221","Lombardia","LH Hoseline Wiki"
"IT","22222","Brescia Network","LH Hoseline Wiki"
"IT","22231","Friuli Venezia Giulia","LH Hoseline Wiki"
"IT","22232","Trentino Alto Adige","LH Hoseline Wiki"
"IT","22233","Veneto","LH Hoseline Wiki"
"IT","22241","Emilia Romagna","LH Hoseline Wiki"
"IT","22251","Toscana","LH Hoseline Wiki"
"IT","22261","Abruzzo","LH Hoseline Wiki"
"IT","22262","Marche","LH Hoseline Wiki"
"IT","22266","IT Abruzzo Radio","LH Hoseline Wiki"
"IT","22269","IT Francavilla","LH Hoseline Wiki"
"IT","22271","Puglia","LH Hoseline Wiki"
"IT","22281","Basilicata","LH Hoseline Wiki"
"IT","22282","Calabria","LH Hoseline Wiki"
"IT","22283","Campania","LH Hoseline Wiki"
"IT","22284","Molise","LH Hoseline Wiki"
"IT","22287","IT C.I.S.A.R.","LH Hoseline Wiki"
"IT","22288","IT A.R.I.","LH Hoseline Wiki"
"IT","22289","IT E.R.A.","LH Hoseline Wiki"
"IT","22290","IT A.R.F.I.","LH Hoseline Wiki"
"IT","22291","Sicilia","LH Hoseline Wiki"
"IT","22298","Italy-Nord","LH Hoseline Wiki"
"JM","338","Jamaica","LH Hoseline Wiki"
"JP","440","Japan","LH Hoseline Wiki"
"JP","44155","shounanYSF","LH Hoseline Wiki"
"KE","639","Kenya","LH Hoseline Wiki"
"KH","456","Cambodia","LH Hoseline Wiki"
"KR","450","South Korea","LH Hoseline Wiki"
"KW","419","Kuwait","LH Hoseline Wiki"
"KZ","401","Kazahstan","LH Hoseline Wiki"
"LB","415","Lebanon","LH Hoseline Wiki"
"LC","358","Saint Lucia","LH Hoseline Wiki"
"LC","3581","Castries","LH Hoseline Wiki"
"LC","3582","VieuX Fort","LH Hoseline Wiki"
"LI","295","Liechtenstein","LH Hoseline Wiki"
"LK","413","Sri Lanka","LH Hoseline Wiki"
"LT","246","Lithuania","LH Hoseline Wiki"
"LT","24601","Lithuania MultiMode","LH Hoseline Wiki"
"LT","24622","Lithuania HAM Talks","LH Hoseline Wiki"
"LU","270","Luxembourg","LH Hoseline Wiki"
"LU","2701","XLX270 A","LH Hoseline Wiki"
"LU","2703","European Preparedness and Emcomm Talk","LH Hoseline Wiki"
"LU","2705","LX ADRAD","LH Hoseline Wiki"
"LU","2706","LX RLX","LH Hoseline Wiki"
"LU","2707","LX Laru","LH Hoseline Wiki"
"LU","27051","LX ADRAD Test","LH Hoseline Wiki"
"LU","27062","XLX270 B","LH Hoseline Wiki"
"LU","27070","LX LARU On-Demand","LH Hoseline Wiki"
"LU","27071","LX LARU North","LH Hoseline Wiki"
"LU","27072","LX LARU Center","LH Hoseline Wiki"
"LU","27073","LX LARU South","LH Hoseline Wiki"
"LU","27077","LX LARU TS2","LH Hoseline Wiki"
"LU","27079","LX LARU EMCOMM","LH Hoseline Wiki"
"LU","2709112","LX EMCOMM","LH Hoseline Wiki"
"LV","247","Latvia","LH Hoseline Wiki"
"LV","24706","Latvian MultiMode","LH Hoseline Wiki"
"MA","604","Morocco","LH Hoseline Wiki"
"MA","6041","Rabat","LH Hoseline Wiki"
"MA","6042","Marrakech","LH Hoseline Wiki"
"MA","6043","Meknes","LH Hoseline Wiki"
"MA","6044","El Jadida","LH Hoseline Wiki"
"MA","6045","Tetouan","LH Hoseline Wiki"
"MA","6046","Fez","LH Hoseline Wiki"
"MA","6047","Oujda","LH Hoseline Wiki"
"MD","259","Moldova","LH Hoseline Wiki"
"MD","2599","Moldova Bridge","LH Hoseline Wiki"
"MD","25999","MD Tech Group","LH Hoseline Wiki"
"ME","297","Montenegro","LH Hoseline Wiki"
"MG","646","Madagascar","LH Hoseline Wiki"
"MK","294","North Macedonia","LH Hoseline Wiki"
"MK","2940","EmComm","LH Hoseline Wiki"
"MK","2941","Skopje","LH Hoseline Wiki"
"MK","2942","Tetovo","LH Hoseline Wiki"
"MK","2943","Gostivar","LH Hoseline Wiki"
"MK","2944","Kicevo","LH Hoseline Wiki"
"MK","2945","Struga","LH Hoseline Wiki"
"MK","2946","Ohrid","LH Hoseline Wiki"
"MK","2947","Kumanovo","LH Hoseline Wiki"
"MK","2948","Prilep","LH Hoseline Wiki"
"MK","2949","Strumica","LH Hoseline Wiki"
"MK","29410","Bitola","LH Hoseline Wiki"
"MK","29411","Gevgelija","LH Hoseline Wiki"
"MK","29412","Kocani","LH Hoseline Wiki"
"MK","29413","Veles","LH Hoseline Wiki"
"MK","29414","Stip","LH Hoseline Wiki"
"MK","29415","Kavadarci","LH Hoseline Wiki"
"MK","29416","Debar","LH Hoseline Wiki"
"MK","29417","Resen","LH Hoseline Wiki"
"MK","29418","Negotino","LH Hoseline Wiki"
"MK","29419","Krusevo","LH Hoseline Wiki"
"MK","29420","Radovis","LH Hoseline Wiki"
"MK","29421","Berovo","LH Hoseline Wiki"
"MK","29422","Delcevo","LH Hoseline Wiki"
"MK","29423","Vinica","LH Hoseline Wiki"
"MK","29424","Kriva Palanka","LH Hoseline Wiki"
"MK","29425","Demir Hisar","LH Hoseline Wiki"
"MK","29444","RASM","LH Hoseline Wiki"
"MK","29495","Mavrovo National Park","LH Hoseline Wiki"
"MK","29496","Sport Weapons Hunting","LH Hoseline Wiki"
"MK","29497","Traffic NAV Borders","LH Hoseline Wiki"
"MK","29498","Multilanguage","LH Hoseline Wiki"
"MK","29499","TechZone","LH Hoseline Wiki"
"MT","278","Malta","LH Hoseline Wiki"
"MT","2780","Malta EchoLink","LH Hoseline Wiki"
"MX","334","XE","LH Hoseline Wiki"
"MX","3341","XE 1","LH Hoseline Wiki"
"MX","3342","XE 2","LH Hoseline Wiki"
"MX","3343","XE 3","LH Hoseline Wiki"
"MX","334911","EMCOMM Mexico","LH Hoseline Wiki"
"MY","502","Malaysia National","LH Hoseline Wiki"
"MY","5021","West Malaysia","LH Hoseline Wiki"
"MY","5022","East Malaysia","LH Hoseline Wiki"
"MY","50210","MY Wires-X YSF Bridge","LH Hoseline Wiki"
"MY","50297","JOTA Malaysia","LH Hoseline Wiki"
"MY","50298","JOTA Malaysia","LH Hoseline Wiki"
"NG","621","Nigeria","LH Hoseline Wiki"
"NI","710","Nicaragua","LH Hoseline Wiki"
"NI","7101","Managua Capital","LH Hoseline Wiki"
"NI","7102","Zona del Pacifico","LH Hoseline Wiki"
"NI","7103","Zona Del Atlantico","LH Hoseline Wiki"
"NI","7104","Zona Norte","LH Hoseline Wiki"
"NL","204","Nederland","LH Hoseline Wiki"
"NL","2041","Noord Nederland","LH Hoseline Wiki"
"NL","2042","Midden Nederland","LH Hoseline Wiki"
"NL","2043","Zuid Nederland","LH Hoseline Wiki"
"NL","2044","Oost Nederland","LH Hoseline Wiki"
"NL","2045","Nederland Techtalk","LH Hoseline Wiki"
"NL","20401","Wires-X Hobbyscoop","LH Hoseline Wiki"
"NL","20413","Noordenveld","LH Hoseline Wiki"
"NL","20421","Regio Keistad","LH Hoseline Wiki"
"NL","20422","Rijk van Nijmegen","LH Hoseline Wiki"
"NL","20423","Utrecht","LH Hoseline Wiki"
"NL","20424","Rijnmond","LH Hoseline Wiki"
"NL","20426","Drechtsteden","LH Hoseline Wiki"
"NL","20427","NHNoord","LH Hoseline Wiki"
"NL","20431","Limburg","LH Hoseline Wiki"
"NL","20432","Noord-Brabant","LH Hoseline Wiki"
"NL","20433","Maasdriehoek","LH Hoseline Wiki"
"NL","20434","Zeeland","LH Hoseline Wiki"
"NL","20441","Regio IJsselmond","LH Hoseline Wiki"
"NL","20443","Gelderland midden","LH Hoseline Wiki"
"NL","20473","Den Bosch","LH Hoseline Wiki"
"NL","20493","RFDX","LH Hoseline Wiki"
"NL","204907","JOTA NL CQ","LH Hoseline Wiki"
"NL","204911","EmComm NL","LH Hoseline Wiki"
"NL","2049881","XRF088 A","LH Hoseline Wiki"
"NL","2049882","XRF088 B","LH Hoseline Wiki"
"NO","242","Norway","LH Hoseline Wiki"
"NO","2421","Sør- og Østlandet","LH Hoseline Wiki"
"NO","2424","Vestlandet","LH Hoseline Wiki"
"NO","2426","Midtnorge","LH Hoseline Wiki"
"NO","2429","Nordnorge","LH Hoseline Wiki"
"NO","24201","Chatrom 1","LH Hoseline Wiki"
"NO","24202","Chatrom 2","LH Hoseline Wiki"
"NO","24203","Chatrom 3","LH Hoseline Wiki"
"NO","24204","Chatrom 4","LH Hoseline Wiki"
"NZ","530","ZL National","LH Hoseline Wiki"
"NZ","5301","ZL1 Regional","LH Hoseline Wiki"
"NZ","5302","ZL2 Regional","LH Hoseline Wiki"
"NZ","5303","ZL3 Regional","LH Hoseline Wiki"
"NZ","5304","ZL4 Regional","LH Hoseline Wiki"
"NZ","53020","XLX626A","LH Hoseline Wiki"
"NZ","53021","IFROAR","LH Hoseline Wiki"
"NZ","53029","XLX299X","LH Hoseline Wiki"
"NZ","53050","XLX751","LH Hoseline Wiki"
"NZ","53060","Taupo ARC NZART","LH Hoseline Wiki"
"NZ","53099","XLX750","LH Hoseline Wiki"
"OM","422","Oman","LH Hoseline Wiki"
"OM","42201","Muscat","LH Hoseline Wiki"
"PA","714","Panama","LH Hoseline Wiki"
"PA","7141","Panama City","LH Hoseline Wiki"
"PA","7142","Colon","LH Hoseline Wiki"
"PA","7143","wires-x fusion link","LH Hoseline Wiki"
"PA","7144","Chiriqui","LH Hoseline Wiki"
"PA","7145","GREMPA","LH Hoseline Wiki"
"PA","7146","UPRA","LH Hoseline Wiki"
"PA","7148","RadioClubPanama","LH Hoseline Wiki"
"PA","714911","EMERGENCIA PMA","LH Hoseline Wiki"
"PE","716","Perú","LH Hoseline Wiki"
"PE","7162","TRUJILLO ZONA 2","LH Hoseline Wiki"
"PE","7166","Peru Zona OA6","LH Hoseline Wiki"
"PH","515","Philippines","LH Hoseline Wiki"
"PH","5151","NCR","LH Hoseline Wiki"
"PH","5152","CRIRCV","LH Hoseline Wiki"
"PH","5153","Cluzon","LH Hoseline Wiki"
"PH","5154","BICOLR","LH Hoseline Wiki"
"PH","51502","DX1ACE Club","LH Hoseline Wiki"
"PH","51518","DX1ARM Club","LH Hoseline Wiki"
"PH","51525","SCAN I","LH Hoseline Wiki"
"PH","51533","ARES PH","LH Hoseline Wiki"
"PH","51546","SCAN I","LH Hoseline Wiki"
"PH","51569","BADMG","LH Hoseline Wiki"
"PK","410","Pakistan","LH Hoseline Wiki"
"PL","260","Poland","LH Hoseline Wiki"
"PL","2600","Polonia TG","LH Hoseline Wiki"
"PL","2601","Regional SP1","LH Hoseline Wiki"
"PL","2602","Regional SP2","LH Hoseline Wiki"
"PL","2603","Regional SP3","LH Hoseline Wiki"
"PL","2604","Regional SP4","LH Hoseline Wiki"
"PL","2605","Regional SP5","LH Hoseline Wiki"
"PL","2606","Regional SP6","LH Hoseline Wiki"
"PL","2607","Regional SP7","LH Hoseline Wiki"
"PL","2608","Regional SP8","LH Hoseline Wiki"
"PL","2609","Regional SP9","LH Hoseline Wiki"
"PL","26011","Szczecin GRYF","LH Hoseline Wiki"
"PL","26013","planawaryjny.com","LH Hoseline Wiki"
"PL","26018","PAAROS Club","LH Hoseline Wiki"
"PL","26021","Trojmiasto","LH Hoseline Wiki"
"PL","26022","Trojmiasto C4FM","LH Hoseline Wiki"
"PL","26026","SPEC Pomorskie","LH Hoseline Wiki"
"PL","26040","Poland Tech","LH Hoseline Wiki"
"PL","26041","Warmia Mazury","LH Hoseline Wiki"
"PL","26042","Lomza","LH Hoseline Wiki"
"PL","26043","Podlasie","LH Hoseline Wiki"
"PL","26045","Podlasie EmComm","LH Hoseline Wiki"
"PL","26053","Mazovia","LH Hoseline Wiki"
"PL","26055","SP5KAB Club","LH Hoseline Wiki"
"PL","26056","SP73VOT Club","LH Hoseline Wiki"
"PL","26057","MASR","LH Hoseline Wiki"
"PL","26058","SP1PMY Club","LH Hoseline Wiki"
"PL","26059","Kurpie","LH Hoseline Wiki"
"PL","26071","Lodz","LH Hoseline Wiki"
"PL","26073","Busko Zdroj","LH Hoseline Wiki"
"PL","26075","Kielce C4FM","LH Hoseline Wiki"
"PL","26076","Skarzysko Kamienna","LH Hoseline Wiki"
"PL","26078","Kutno","LH Hoseline Wiki"
"PL","26079","Sandomierz","LH Hoseline Wiki"
"PL","26084","RKSR","LH Hoseline Wiki"
"PL","26091","BASR","LH Hoseline Wiki"
"PL","26093","KPGK","LH Hoseline Wiki"
"PL","26094","Krakow","LH Hoseline Wiki"
"PL","26095","Nowy Sacz","LH Hoseline Wiki"
"PL","26097","Bytom","LH Hoseline Wiki"
"PL","260014","Poland Tech","LH Hoseline Wiki"
"PL","260015","SP EmCom","LH Hoseline Wiki"
"PL","260019","Homebrew testing","LH Hoseline Wiki"
"PL","260041","DstarLinkXLX132G","LH Hoseline Wiki"
"PL","260042","WiresX Link","LH Hoseline Wiki"
"PL","260112","Szczecin","LH Hoseline Wiki"
"PL","260460","Elblag","LH Hoseline Wiki"
"PL","260947","Scout Radio","LH Hoseline Wiki"
"PR","330","Puerto Rico","LH Hoseline Wiki"
"PR","3300","PRadise Repeaters","LH Hoseline Wiki"
"PR","3304","Distrito Arecibo","LH Hoseline Wiki"
"PR","3305","Distrito Bayamon","LH Hoseline Wiki"
"PR","3306","Distrito Carolina","LH Hoseline Wiki"
"PR","3307","Distrito Guayama","LH Hoseline Wiki"
"PR","3308","Distrito Humacao","LH Hoseline Wiki"
"PR","3309","Distrito Mayaguez","LH Hoseline Wiki"
"PR","33010","Distrito Ponce","LH Hoseline Wiki"
"PR","33011","Distrito San Juan","LH Hoseline Wiki"
"PR","33016","Alpha & Omega Tech Group","LH Hoseline Wiki"
"PR","33017","PRnet","LH Hoseline Wiki"
"PR","33020","Western PR English","LH Hoseline Wiki"
"PR","33033","KP3AV Systems","LH Hoseline Wiki"
"PR","33057","Puerto Rico D-ZONE","LH Hoseline Wiki"
"PR","330013","IslaComm DMR Rpts","LH Hoseline Wiki"
"PR","330911","Emergencia","LH Hoseline Wiki"
"PT","268","Portugal","LH Hoseline Wiki"
"PT","2680","Portugal Link","LH Hoseline Wiki"
"PT","2681","North","LH Hoseline Wiki"
"PT","2682","Center","LH Hoseline Wiki"
"PT","2683","Capital","LH Hoseline Wiki"
"PT","2684","Alentejo","LH Hoseline Wiki"
"PT","2685","Algarve","LH Hoseline Wiki"
"PT","2686","Azores","LH Hoseline Wiki"
"PT","2687","Madeira Is.","LH Hoseline Wiki"
"PT","26810","PT Bridge NXDN PT","LH Hoseline Wiki"
"PT","26861","CU1-Sta.Maria Isl.","LH Hoseline Wiki"
"PT","26862","CU2-S.Miguel Isl.","LH Hoseline Wiki"
"PT","26863","CU3-Terceira Isl.","LH Hoseline Wiki"
"PT","26864","CU4-Graciosa Isl.","LH Hoseline Wiki"
"PT","26865","CU5-S.Jorge Isl.","LH Hoseline Wiki"
"PT","26866","CU6-Pico Isl.","LH Hoseline Wiki"
"PT","26867","CU7-Faial Isl.","LH Hoseline Wiki"
"PT","26868","CU8-Flores Isl.","LH Hoseline Wiki"
"PT","26869","CU9-Corvo Isl.","LH Hoseline Wiki"
"PT","26891","Tetra PT","LH Hoseline Wiki"
"PT","268112","EmComm PT","LH Hoseline Wiki"
"PT","268901","Oporto group","LH Hoseline Wiki"
"PT","268902","R. A. T. A.","LH Hoseline Wiki"
"PT","268903","ARAT Club","LH Hoseline Wiki"
"PT","268907","JOTA PT","LH Hoseline Wiki"
"PT","268911","PT Hotspot(1)","LH Hoseline Wiki"
"PT","268912","PT DMRDSTAR","LH Hoseline Wiki"
"PT","268913","PT DMRC4FM PT","LH Hoseline Wiki"
"PT","268914","PT DMRCS5LART","LH Hoseline Wiki"
"PT","268915","PT Hotspot(2)","LH Hoseline Wiki"
"PT","268916","C4FM BR","LH Hoseline Wiki"
"PY","744","Paraguay","LH Hoseline Wiki"
"QA","427","Qatar","LH Hoseline Wiki"
"RE","647","Reunion","LH Hoseline Wiki"
"RE","6471","La Réunion","LH Hoseline Wiki"
"RO","226","Romania","LH Hoseline Wiki"
"RO","2260","MULTIPROTO YO","LH Hoseline Wiki"
"RO","2261","Cafe Gratis YO","LH Hoseline Wiki"
"RO","2262","District YO2","LH Hoseline Wiki"
"RO","2263","District YO3","LH Hoseline Wiki"
"RO","2264","District YO4","LH Hoseline Wiki"
"RO","2265","District YO5","LH Hoseline Wiki"
"RO","2266","District YO6","LH Hoseline Wiki"
"RO","2267","District YO7","LH Hoseline Wiki"
"RO","2268","District YO8","LH Hoseline Wiki"
"RO","2269","District YO9","LH Hoseline Wiki"
"RO","22601","Diaspora YO","LH Hoseline Wiki"
"RO","22602","LoRa YO","LH Hoseline Wiki"
"RO","22603","PensioNET","LH Hoseline Wiki"
"RO","22610","Zello YO","LH Hoseline Wiki"
"RO","22626","BM-HTR","LH Hoseline Wiki"
"RO","22677","CW YO","LH Hoseline Wiki"
"RO","22691","YO Start","LH Hoseline Wiki"
"RO","226112","EMCOMM 112 YO","LH Hoseline Wiki"
"RO","226777","TetraPack","LH Hoseline Wiki"
"RS","220","Serbia","LH Hoseline Wiki"
"RU","2501","Russia Global","LH Hoseline Wiki"
"RU","2502","XRF250A Bridge","LH Hoseline Wiki"
"RU","2503","DSTAR-SU / 24009 (WIRES-X)","LH Hoseline Wiki"
"RU","2504","*RUSSIA* (EchoLink)","LH Hoseline Wiki"
"RU","2505","Bridge to Radiocult (FRN)","LH Hoseline Wiki"
"RU","2506","XRF250C Bridge","LH Hoseline Wiki"
"RU","25011","Russian Tech","LH Hoseline Wiki"
"RU","25033","Lampovaya","LH Hoseline Wiki"
"RU","250011","Russia / Komi","LH Hoseline Wiki"
"RU","250013","Russia / Saransk","LH Hoseline Wiki"
"RU","250014","Russia / Khabarovsk","LH Hoseline Wiki"
"RU","250015","Russia / Truck Driver RUS","LH Hoseline Wiki"
"RU","250016","Russia / Nizhnekamsk","LH Hoseline Wiki"
"RU","250021","Russia / Cheboksary","LH Hoseline Wiki"
"RU","250024","Russia / Krasnoyarsk Region","LH Hoseline Wiki"
"RU","250029","Russia / Arkhangelsk Region","LH Hoseline Wiki"
"RU","250030","Russia / Astrakhan'","LH Hoseline Wiki"
"RU","250032","Russia / Bryansk","LH Hoseline Wiki"
"RU","250033","Russia / Vladimir","LH Hoseline Wiki"
"RU","250037","Russia / Chaykovsky (Perm region)","LH Hoseline Wiki"
"RU","250039","Russia / Kaliningrad region","LH Hoseline Wiki"
"RU","250040","Russia / Kaluga","LH Hoseline Wiki"
"RU","250042","Russia / Seversk","LH Hoseline Wiki"
"RU","250043","Russia / Kirov","LH Hoseline Wiki"
"RU","250048","Russia / Lipetsk","LH Hoseline Wiki"
"RU","250051","Russia / Murmansk Region","LH Hoseline Wiki"
"RU","250052","Russia / Nizhniy Novgorod","LH Hoseline Wiki"
"RU","250056","Russia / Orenburg","LH Hoseline Wiki"
"RU","250067","Russia / Smolenskaya oblast","LH Hoseline Wiki"
"RU","250069","Russia / Tverskaya oblast","LH Hoseline Wiki"
"RU","250070","Russia / Tomsk","LH Hoseline Wiki"
"RU","250071","Russia / Tula","LH Hoseline Wiki"
"RU","250073","Russia / Ulyanovsk","LH Hoseline Wiki"
"RU","250078","Russia / 4POC","LH Hoseline Wiki"
"RU","250084","Russia / Norilsk","LH Hoseline Wiki"
"RU","250096","Russia / Ekaterinburg","LH Hoseline Wiki"
"RU","250100","Russia / Satellite Talks","LH Hoseline Wiki"
"RU","250111","Russia / SmokingRoom","LH Hoseline Wiki"
"RU","250112","Radio Amateur Rescue Service","LH Hoseline Wiki"
"RU","250116","Russia / Kazan","LH Hoseline Wiki"
"RU","250125","Russia / Ussuriisk","LH Hoseline Wiki"
"RU","250142","Russia / Kuzbass","LH Hoseline Wiki"
"RU","250159","Russia / Perm","LH Hoseline Wiki"
"RU","250163","Russia / Samara","LH Hoseline Wiki"
"RU","250164","Russia / Saratov Region","LH Hoseline Wiki"
"RU","250212","Russia / Joshkar-Ola (Mari El)","LH Hoseline Wiki"
"RU","250233","Russia / Moscow Bus 233","LH Hoseline Wiki"
"RU","250246","Russia / Ramenskoe","LH Hoseline Wiki"
"RU","250250","Motorola users RF","LH Hoseline Wiki"
"RU","250351","Russia / Chelyabinsk","LH Hoseline Wiki"
"RU","250500","Russia / Rostov-on-Don","LH Hoseline Wiki"
"RU","250505","Russia / Chekhov","LH Hoseline Wiki"
"RU","250600","Russia / Ivanovo","LH Hoseline Wiki"
"RU","250601","Russia / Tarko-Sale / RT9K","LH Hoseline Wiki"
"RU","250602","Russia / Tarko-Sale / RT9K / Emergency","LH Hoseline Wiki"
"RU","250603","Russia / Moscow / UA3AAT","LH Hoseline Wiki"
"RU","250604","Russia / Moscow / ICS","LH Hoseline Wiki"
"RU","250605","Russia / Ekaterinburg (P25)","LH Hoseline Wiki"
"RU","250606","Russia / Chekhov","LH Hoseline Wiki"
"RU","250607","Russia / Verkhnaya Pyshma","LH Hoseline Wiki"
"RU","250608","Russia / Sochi","LH Hoseline Wiki"
"RU","250609","Russia / Syktyvkar","LH Hoseline Wiki"
"RU","250610","Russia / Vladivostok","LH Hoseline Wiki"
"RU","250611","Russia / Moscow / RD3ANL","LH Hoseline Wiki"
"RU","250612","Russia / Omsk","LH Hoseline Wiki"
"RU","250613","Russia / Dorokhovo","LH Hoseline Wiki"
"RU","250614","Russia / Domodedovo","LH Hoseline Wiki"
"RU","250615","Russia / Podolsk","LH Hoseline Wiki"
"RU","250616","Russia / Rostov Region","LH Hoseline Wiki"
"RU","250617","Russia / Caucasus","LH Hoseline Wiki"
"RU","250618","Russia / Moscow / Tushino","LH Hoseline Wiki"
"RU","250619","Russia / Volgodonsk","LH Hoseline Wiki"
"RU","250620","Russia / Moscow / R2AJV","LH Hoseline Wiki"
"RU","250621","Russia / Moscow","LH Hoseline Wiki"
"RU","250622","Russia / Krasnoyarsk (1)","LH Hoseline Wiki"
"RU","250623","Russia / Selyatino","LH Hoseline Wiki"
"RU","250624","Russia / Mozhaysk","LH Hoseline Wiki"
"RU","250625","Russia / Krasnogorsk","LH Hoseline Wiki"
"RU","250626","Russia / Narofominsk","LH Hoseline Wiki"
"RU","250627","Russia / Krasnodar","LH Hoseline Wiki"
"RU","250628","Russia / Egorievsk","LH Hoseline Wiki"
"RU","250629","Russia / Orel","LH Hoseline Wiki"
"RU","250630","Russia / Sergiev Posad","LH Hoseline Wiki"
"RU","250631","Russia / Uglich","LH Hoseline Wiki"
"RU","250632","Russia / Syberia and Far East","LH Hoseline Wiki"
"RU","250633","Russia / Ufa","LH Hoseline Wiki"
"RU","250634","Russia / Kurganinsk","LH Hoseline Wiki"
"RU","250635","Russia / Irkutsk, Chita","LH Hoseline Wiki"
"RU","250636","Russia / Sarov","LH Hoseline Wiki"
"RU","250637","Russia / Tver","LH Hoseline Wiki"
"RU","250638","Russia / Crimea","LH Hoseline Wiki"
"RU","250639","Russia / Primorye","LH Hoseline Wiki"
"RU","250640","Russia / Maikop","LH Hoseline Wiki"
"RU","250641","RuDiVo (Russia)","LH Hoseline Wiki"
"RU","250642","Russia / Snezhinsk","LH Hoseline Wiki"
"RU","250643","Russia / Yaroslavl Region","LH Hoseline Wiki"
"RU","250644","Russia / Novosibirsk","LH Hoseline Wiki"
"RU","250645","Russia / Mytischi","LH Hoseline Wiki"
"RU","250646","Russia / Veliky Novgorod","LH Hoseline Wiki"
"RU","250647","Russia / DMR Technical Group","LH Hoseline Wiki"
"RU","250648","Russia / Belgorod","LH Hoseline Wiki"
"RU","250649","Russia / Shakhty","LH Hoseline Wiki"
"RU","250650","Russia / Voronezh","LH Hoseline Wiki"
"RU","250651","Russia / Tyumen","LH Hoseline Wiki"
"RU","250652","Russia / Ulan-Ude","LH Hoseline Wiki"
"RU","250653","Russia / Stupino","LH Hoseline Wiki"
"RU","250654","Russia / Shatura","LH Hoseline Wiki"
"RU","250655","Russia / Obninsk","LH Hoseline Wiki"
"RU","250656","Russia / Altai Region","LH Hoseline Wiki"
"RU","250657","Russia / Balabanovo","LH Hoseline Wiki"
"RU","250658","Russia / Izhevsk","LH Hoseline Wiki"
"RU","250659","Russia / Ryazan","LH Hoseline Wiki"
"RU","250660","Russia / local R2AWN","LH Hoseline Wiki"
"RU","250661","Russia / Liza Alert Resque Team","LH Hoseline Wiki"
"RU","250662","Russia / Hytera_ru","LH Hoseline Wiki"
"RU","250663","Russia / Zelenograd (Moscow)","LH Hoseline Wiki"
"RU","250664","Russia / News Feed R2ARL","LH Hoseline Wiki"
"RU","250665","Russia / Ateptsevo","LH Hoseline Wiki"
"RU","250666","Russia / Serpukhov","LH Hoseline Wiki"
"RU","250667","Russia / Smolensk","LH Hoseline Wiki"
"RU","250668","Russia / Nalchik","LH Hoseline Wiki"
"RU","250700","Russia / Klimovsk","LH Hoseline Wiki"
"RU","250707","Russia / Sevastopol","LH Hoseline Wiki"
"RU","250716","Russia / Almetevsk","LH Hoseline Wiki"
"RU","250775","Russia / Kaliningrad-2","LH Hoseline Wiki"
"RU","250777","Russia / Kaliningrad","LH Hoseline Wiki"
"RU","250800","WorldWideMobile","LH Hoseline Wiki"
"RU","250812","Russia / Saint Petersburg","LH Hoseline Wiki"
"RU","250813","Russia / SPBR7","LH Hoseline Wiki"
"RU","250888","Russia / Shumerlya","LH Hoseline Wiki"
"RU","250907","JOTA RU","LH Hoseline Wiki"
"RU","250942","Russia / Kemerovo","LH Hoseline Wiki"
"RU","250980","Test Lab","LH Hoseline Wiki"
"SA","420","Saudi Arabia","LH Hoseline Wiki"
"SE","240","Sweden","LH Hoseline Wiki"
"SE","2400","Regional SM0","LH Hoseline Wiki"
"SE","2401","Regional SM1","LH Hoseline Wiki"
"SE","2402","Regional SM2","LH Hoseline Wiki"
"SE","2403","Regional SM3","LH Hoseline Wiki"
"SE","2404","Regional SM4","LH Hoseline Wiki"
"SE","2405","Regional SM5","LH Hoseline Wiki"
"SE","2406","Regional SM6","LH Hoseline Wiki"
"SE","2407","Regional SM7","LH Hoseline Wiki"
"SE","2409","Sweden Emergency","LH Hoseline Wiki"
"SE","2410","DCS010D","LH Hoseline Wiki"
"SE","2411","SM Tactical","LH Hoseline Wiki"
"SE","2412","SM Tac 2","LH Hoseline Wiki"
"SE","2415","DCS010V","LH Hoseline Wiki"
"SE","24020","Young Ladies SM","LH Hoseline Wiki"
"SE","24080","SM XIL","LH Hoseline Wiki"
"SE","24090","SM0 Emergency","LH Hoseline Wiki"
"SE","24091","SM1 Emergency","LH Hoseline Wiki"
"SE","24092","SM2 Emergency","LH Hoseline Wiki"
"SE","24093","SM3 Emergency","LH Hoseline Wiki"
"SE","24094","SM4 Emergency","LH Hoseline Wiki"
"SE","24095","SM5 Emergency","LH Hoseline Wiki"
"SE","24096","SM6 Emergency","LH Hoseline Wiki"
"SE","24097","SM7 Emergency","LH Hoseline Wiki"
"SE","24098","Robust Packet","LH Hoseline Wiki"
"SE","240240","DCS010B","LH Hoseline Wiki"
"SE","240907","JOTA SE","LH Hoseline Wiki"
"SG","525","Singapore","LH Hoseline Wiki"
"SI","293","Slovenia","LH Hoseline Wiki"
"SK","231","Slovak","LH Hoseline Wiki"
"SK","2311","Slovakia","LH Hoseline Wiki"
"SK","2319112","Slovakia Skywarn","LH Hoseline Wiki"
"SM","292","San Marino","LH Hoseline Wiki"
"SM","292112","San Marino Emergenza","LH Hoseline Wiki"
"SN","608","Senegal","LH Hoseline Wiki"
"SV","706","El Salvador","LH Hoseline Wiki"
"SV","7060","XLX526C","LH Hoseline Wiki"
"SV","7061","Región 1","LH Hoseline Wiki"
"SV","7062","Región 2","LH Hoseline Wiki"
"SV","7063","Región 3","LH Hoseline Wiki"
"SV","7064","Eventos Especiales","LH Hoseline Wiki"
"SV","7065","Emergencias","LH Hoseline Wiki"
"TH","520","Thailand","LH Hoseline Wiki"
"TH","5201","R1-Central","LH Hoseline Wiki"
"TH","5202","R2-East","LH Hoseline Wiki"
"TH","5203","R3-L.Northeast","LH Hoseline Wiki"
"TH","5204","R4-U.Northeast","LH Hoseline Wiki"
"TH","5205","R5-U.North","LH Hoseline Wiki"
"TH","5206","R6-L.North","LH Hoseline Wiki"
"TH","5207","R7-West","LH Hoseline Wiki"
"TH","5208","R8-U.South","LH Hoseline Wiki"
"TH","5209","R9-L.South","LH Hoseline Wiki"
"TH","52001","NBTC (HS0AB)","LH Hoseline Wiki"
"TH","52002","RAST (HS0AC)","LH Hoseline Wiki"
"TH","52008","DTDXA","LH Hoseline Wiki"
"TH","52009","Thailand Emergency","LH Hoseline Wiki"
"TR","286","Türkiye","LH Hoseline Wiki"
"TR","2860","Türkiye 0.Region","LH Hoseline Wiki"
"TR","2861","Türkiye 1.Region","LH Hoseline Wiki"
"TR","28600","Multimode Türkiye","LH Hoseline Wiki"
"TR","28601","Türkiye Adana","LH Hoseline Wiki"
"TR","28606","Türkiye Ankara","LH Hoseline Wiki"
"TR","28607","Türkiye Antalya","LH Hoseline Wiki"
"TR","28609","Türkiye Aydin","LH Hoseline Wiki"
"TR","28614","Türkiye Bolu","LH Hoseline Wiki"
"TR","28616","Türkiye Bursa","LH Hoseline Wiki"
"TR","28617","Türkiye Canakkale","LH Hoseline Wiki"
"TR","28620","Türkiye Denizli","LH Hoseline Wiki"
"TR","28625","Erzurum","LH Hoseline Wiki"
"TR","28627","Türkiye Gaziantep","LH Hoseline Wiki"
"TR","28633","Türkiye Mersin","LH Hoseline Wiki"
"TR","28634","Türkiye Istanbul","LH Hoseline Wiki"
"TR","28635","Türkiye Izmir","LH Hoseline Wiki"
"TR","28641","Türkiye Kocaeli","LH Hoseline Wiki"
"TR","28645","Türkiye Manisa","LH Hoseline Wiki"
"TR","28646","Türkiye K.Maras","LH Hoseline Wiki"
"TR","28677","Türkiye Yalova","LH Hoseline Wiki"
"TR","28695","ANKA Arama Kurtarma","LH Hoseline Wiki"
"TR","28696","HAK Search and Rescue","LH Hoseline Wiki"
"TR","286112","AFET ACIL DURUM","LH Hoseline Wiki"
"TT","374","Trinidad / Tobago","LH Hoseline Wiki"
"TT","3740","REACT","LH Hoseline Wiki"
"TT","3741","Woodbrook","LH Hoseline Wiki"
"TT","3742","Port of Spain","LH Hoseline Wiki"
"TT","3743","San Fernando","LH Hoseline Wiki"
"TT","3744","Tobago","LH Hoseline Wiki"
"TW","466","Taiwan","LH Hoseline Wiki"
"TW","46600","Taiwan 全","LH Hoseline Wiki"
"TW","46606","388 Radio Club","LH Hoseline Wiki"
"TW","46609","HAMTalk Club","LH Hoseline Wiki"
"TW","46610","Taiwan CTARL","LH Hoseline Wiki"
"TW","46621","TMMARC","LH Hoseline Wiki"
"TW","46666","Ctr TW HRESN","LH Hoseline Wiki"
"UA","255","Ukraine","LH Hoseline Wiki"
"UA","2555","Ukraine bridge DMR D-STAR YSF","LH Hoseline Wiki"
"UA","2559","Emergency Ukraine","LH Hoseline Wiki"
"UA","25501","Kyiv city","LH Hoseline Wiki"
"UA","25502","Vinnyts`ka obl","LH Hoseline Wiki"
"UA","25503","Volyns`ka obl","LH Hoseline Wiki"
"UA","25504","Dnirpo obl","LH Hoseline Wiki"
"UA","25505","Donets`ka obl","LH Hoseline Wiki"
"UA","25506","Zhytomyrs`ka obl","LH Hoseline Wiki"
"UA","25507","Zakarpats`ka obl","LH Hoseline Wiki"
"UA","25508","Zaporiz`ka obl","LH Hoseline Wiki"
"UA","25509","Ivano frankivs`ka obl","LH Hoseline Wiki"
"UA","25510","Kyivs`ka obl","LH Hoseline Wiki"
"UA","25511","OdesaRadioLink","LH Hoseline Wiki"
"UA","25512","Kropyvnyts`kyj obl","LH Hoseline Wiki"
"UA","25513","Radio Scouts URS","LH Hoseline Wiki"
"UA","25514","Lvivs`ka obl","LH Hoseline Wiki"
"UA","25515","Mykolaivs`ka obl","LH Hoseline Wiki"
"UA","25516","Odes`ka obl","LH Hoseline Wiki"
"UA","25517","Poltavs`ka obl","LH Hoseline Wiki"
"UA","25518","Rivnens`ka obl","LH Hoseline Wiki"
"UA","25519","Sums`ka obl","LH Hoseline Wiki"
"UA","25520","Ternopils`ka obl","LH Hoseline Wiki"
"UA","25521","Kharkivs`ka obl","LH Hoseline Wiki"
"UA","25522","Khersons`ka obl","LH Hoseline Wiki"
"UA","25523","Khmel`nyts`ka obl","LH Hoseline Wiki"
"UA","25524","Cherkas`ka obl","LH Hoseline Wiki"
"UA","25525","Chernigivs`ka obl","LH Hoseline Wiki"
"UA","25526","Chernivets`ka obl","LH Hoseline Wiki"
"UA","25527","Sevastopol","LH Hoseline Wiki"
"UA","25577","UA Azimuth","LH Hoseline Wiki"
"UA","25599","Emergency Zakarpattia","LH Hoseline Wiki"
"US","310","Tac 310 NOT A CALL CHANNEL","LH Hoseline Wiki"
"US","311","TAC 311 USA NO NETS!!!","LH Hoseline Wiki"
"US","312","TAC 312 USA NO NETS!!!","LH Hoseline Wiki"
"US","313","TAC 313 USA NO NETS!!!","LH Hoseline Wiki"
"US","314","TAC 314 USA NO NETS!!!","LH Hoseline Wiki"
"US","315","TAC 315 USA NO NETS!!!","LH Hoseline Wiki"
"US","316","TAC 316 USA NO NETS!!!","LH Hoseline Wiki"
"US","317","TAC 317 USA NO NETS!!!","LH Hoseline Wiki"
"US","318","TAC 318 USA NO NETS!!!","LH Hoseline Wiki"
"US","319","TAC 319 USA NO NETS!!!","LH Hoseline Wiki"
"US","3100","USA Bridge","LH Hoseline Wiki"
"US","3101","Alabama - 10 Minute Limit","LH Hoseline Wiki"
"US","3102","Alaska - 10 Minute Limit","LH Hoseline Wiki"
"US","3104","Arizona - 10 Minute Limit","LH Hoseline Wiki"
"US","3105","Arkansas - 10 Minute Limit","LH Hoseline Wiki"
"US","3106","California - 10 Minute Limit","LH Hoseline Wiki"
"US","3108","Colorado - 10 Minute Limit","LH Hoseline Wiki"
"US","3109","Connecticut - 10 Minute Limit","LH Hoseline Wiki"
"US","3110","Delaware - 10 Minute Limit","LH Hoseline Wiki"
"US","3111","D.C. - 10 Minute Limit","LH Hoseline Wiki"
"US","3112","Florida - 10 Minute Limit","LH Hoseline Wiki"
"US","3113","Georgia - 10 Minute Limit","LH Hoseline Wiki"
"US","3115","Hawaii - 10 Minute Limit","LH Hoseline Wiki"
"US","3116","Idaho - 10 Minute Limit","LH Hoseline Wiki"
"US","3117","Illinois - 10 Minute Limit","LH Hoseline Wiki"
"US","3118","Indiana - 10 Minute Limit","LH Hoseline Wiki"
"US","3119","Iowa - 10 Minute Limit","LH Hoseline Wiki"
"US","3120","Kansas - 10 Minute Limit","LH Hoseline Wiki"
"US","3121","Kentucky - 10 Minute Limit","LH Hoseline Wiki"
"US","3122","Louisiana - 10 Minute Limit","LH Hoseline Wiki"
"US","3123","Maine - 10 Minute Limit","LH Hoseline Wiki"
"US","3124","Maryland - 10 Minute Limit","LH Hoseline Wiki"
"US","3125","Massachusetts - 10 Minute Limit","LH Hoseline Wiki"
"US","3126","Michigan - 10 Minute Limit","LH Hoseline Wiki"
"US","3127","Minnesota - 10 Minute Limit","LH Hoseline Wiki"
"US","3128","Mississippi - 10 Minute Limit","LH Hoseline Wiki"
"US","3129","Missouri - 10 Minute Limit","LH Hoseline Wiki"
"US","3130","Montana - 10 Minute Limit","LH Hoseline Wiki"
"US","3131","Nebraska - 10 Minute Limit","LH Hoseline Wiki"
"US","3132","Nevada - 10 Minute Limit","LH Hoseline Wiki"
"US","3133","New Hampshire - 10 Minute Limit","LH Hoseline Wiki"
"US","3134","New Jersey - 10 Minute Limit","LH Hoseline Wiki"
"US","3135","New Mexico - 10 Minute Limit","LH Hoseline Wiki"
"US","3136","New York - 10 Minute Limit","LH Hoseline Wiki"
"US","3137","North Carolina - 10 Minute Limit","LH Hoseline Wiki"
"US","3138","North Dakota - 10 Minute Limit","LH Hoseline Wiki"
"US","3139","Ohio - 10 Minute Limit","LH Hoseline Wiki"
"US","3140","Oklahoma - 10 Minute Limit","LH Hoseline Wiki"
"US","3141","Oregon - 10 Minute Limit","LH Hoseline Wiki"
"US","3142","Pennsylvania - 10 Minute Limit","LH Hoseline Wiki"
"US","3144","Rhode Island - 10 Minute Limit","LH Hoseline Wiki"
"US","3145","South Carolina - 10 Minute Limit","LH Hoseline Wiki"
"US","3146","South Dakota - 10 Minute Limit","LH Hoseline Wiki"
"US","3147","Tennessee - 10 Minute Limit","LH Hoseline Wiki"
"US","3148","Texas - 10 Minute Limit","LH Hoseline Wiki"
"US","3149","Utah - 10 Minute Limit","LH Hoseline Wiki"
"US","3150","Vermont - 10 Minute Limit","LH Hoseline Wiki"
"US","3151","Virginia - 10 Minute Limit","LH Hoseline Wiki"
"US","3153","Washington - 10 Minute Limit","LH Hoseline Wiki"
"US","3154","West Virginia - 10 Minute Limit","LH Hoseline Wiki"
"US","3155","Wisconsin - 10 Minute Limit","LH Hoseline Wiki"
"US","3156","Wyoming - 10 Minute Limit","LH Hoseline Wiki"
"US","3160","CAP - Civil Air Patrol","LH Hoseline Wiki"
"US","3166","DVSwitch","LH Hoseline Wiki"
"US","3167","Allstar","LH Hoseline Wiki"
"US","3169","Midwest","LH Hoseline Wiki"
"US","3171","NoCo","LH Hoseline Wiki"
"US","3172","Northeast","LH Hoseline Wiki"
"US","3173","Mid-Atlantic","LH Hoseline Wiki"
"US","3174","Southeast","LH Hoseline Wiki"
"US","3175","Southern Plains","LH Hoseline Wiki"
"US","3176","Southwest","LH Hoseline Wiki"
"US","3177","Mountain","LH Hoseline Wiki"
"US","3181","POTA","LH Hoseline Wiki"
"US","3196","Amateur Television Network (ATN)","LH Hoseline Wiki"
"US","3199","US Hurricane Net","LH Hoseline Wiki"
"US","31000","USA EmComm","LH Hoseline Wiki"
"US","31001","Net Talkgroup 1","LH Hoseline Wiki"
"US","31002","Net Talkgroup 2","LH Hoseline Wiki"
"US","31011","Gulf Coast DMR","LH Hoseline Wiki"
"US","31013","ALERT-K4NWS","LH Hoseline Wiki"
"US","31014","HSV","LH Hoseline Wiki"
"US","31015","Central Alabama","LH Hoseline Wiki"
"US","31016","NW Alabama","LH Hoseline Wiki"
"US","31017","Alabama East","LH Hoseline Wiki"
"US","31019","Alabama TAC","LH Hoseline Wiki"
"US","31020","Alaska TAC","LH Hoseline Wiki"
"US","31021","AK Contesting","LH Hoseline Wiki"
"US","31022","Alaska Skywarn","LH Hoseline Wiki"
"US","31040","AZ EmComm","LH Hoseline Wiki"
"US","31041","Arizona TAC","LH Hoseline Wiki"
"US","31050","Arkansas Tac","LH Hoseline Wiki"
"US","31051","ARWX","LH Hoseline Wiki"
"US","31052","Arkansas ARES","LH Hoseline Wiki"
"US","31055","NC Arkansas","LH Hoseline Wiki"
"US","31058","NW Arkansas","LH Hoseline Wiki"
"US","31060","PVARC","LH Hoseline Wiki"
"US","31061","Cal 1","LH Hoseline Wiki"
"US","31062","Mountain West","LH Hoseline Wiki"
"US","31063","Mtn West 1","LH Hoseline Wiki"
"US","31064","Santa Clara County","LH Hoseline Wiki"
"US","31066","SoCal","LH Hoseline Wiki"
"US","31067","SoCal 1","LH Hoseline Wiki"
"US","31068","NorCal","LH Hoseline Wiki"
"US","31069","NorCal 1","LH Hoseline Wiki"
"US","31070","VCDRC","LH Hoseline Wiki"
"US","31072","California TAC","LH Hoseline Wiki"
"US","31073","SBARC","LH Hoseline Wiki"
"US","31075","BayNet","LH Hoseline Wiki"
"US","31076","CDM","LH Hoseline Wiki"
"US","31077","PAPA Chat","LH Hoseline Wiki"
"US","31078","PAPA Bridge","LH Hoseline Wiki"
"US","31079","Alert Radio","LH Hoseline Wiki"
"US","31080","Colorado TAC","LH Hoseline Wiki"
"US","31082","Colorado-Link","LH Hoseline Wiki"
"US","31083","CO Severe WX","LH Hoseline Wiki"
"US","31084","NOCO Mountain FR","LH Hoseline Wiki"
"US","31085","SkiCountryARC","LH Hoseline Wiki"
"US","31086","Western Colorado","LH Hoseline Wiki"
"US","31088","Colorado HD","LH Hoseline Wiki"
"US","31089","Hytera USA","LH Hoseline Wiki"
"US","31090","Connecticut TAC","LH Hoseline Wiki"
"US","31092","Connecticut Chat","LH Hoseline Wiki"
"US","31093","PVRA","LH Hoseline Wiki"
"US","31094","CDRA","LH Hoseline Wiki"
"US","31100","Delaware TAC","LH Hoseline Wiki"
"US","31120","Florida TAC","LH Hoseline Wiki"
"US","31121","First Coast DMR","LH Hoseline Wiki"
"US","31122","WC Florida","LH Hoseline Wiki"
"US","31123","Treasure Coast","LH Hoseline Wiki"
"US","31124","South-East-Florida","LH Hoseline Wiki"
"US","31125","DEARS","LH Hoseline Wiki"
"US","31127","FL State ARES","LH Hoseline Wiki"
"US","31128","NE FL ARES","LH Hoseline Wiki"
"US","31129","Orlando / Hamcation","LH Hoseline Wiki"
"US","31130","Georgia ARES","LH Hoseline Wiki"
"US","31131","Atlanta Metro","LH Hoseline Wiki"
"US","31132","South Georgia","LH Hoseline Wiki"
"US","31133","SETN NWGA","LH Hoseline Wiki"
"US","31134","North Georgia","LH Hoseline Wiki"
"US","31135","Central GA","LH Hoseline Wiki"
"US","31136","Southwest GA","LH Hoseline Wiki"
"US","31137","KingsLand Digital","LH Hoseline Wiki"
"US","31138","GA TAC","LH Hoseline Wiki"
"US","31139","Georgia Skywarn","LH Hoseline Wiki"
"US","31150","Hawaii 2","LH Hoseline Wiki"
"US","31151","Maui County","LH Hoseline Wiki"
"US","31152","Honolulu County","LH Hoseline Wiki"
"US","31153","Hawaii County","LH Hoseline Wiki"
"US","31154","Kauai County","LH Hoseline Wiki"
"US","31155","Hawaii TAC","LH Hoseline Wiki"
"US","31158","HMASN","LH Hoseline Wiki"
"US","31159","Hawaii DEM","LH Hoseline Wiki"
"US","31160","ARES Idaho","LH Hoseline Wiki"
"US","31161","ARES ID N","LH Hoseline Wiki"
"US","31162","ARES ID CENTRAL","LH Hoseline Wiki"
"US","31164","ARES ID SE","LH Hoseline Wiki"
"US","31165","ARES ID SW","LH Hoseline Wiki"
"US","31166","TC ID ARES","LH Hoseline Wiki"
"US","31167","Southeastern Idaho","LH Hoseline Wiki"
"US","31169","Idaho TAC","LH Hoseline Wiki"
"US","31170","Il TAC","LH Hoseline Wiki"
"US","31171","Illinois Link","LH Hoseline Wiki"
"US","31172","CHI-NET","LH Hoseline Wiki"
"US","31173","N Ill EComm","LH Hoseline Wiki"
"US","31174","ECntrl Ill WxOps","LH Hoseline Wiki"
"US","31175","NA Astronomy","LH Hoseline Wiki"
"US","31176","Chi Metro","LH Hoseline Wiki"
"US","31177","East Central IL","LH Hoseline Wiki"
"US","31178","WXCTAC","LH Hoseline Wiki"
"US","31179","Woodford County IL ARES","LH Hoseline Wiki"
"US","31180","Indiana TAC","LH Hoseline Wiki"
"US","31181","Indiana Link","LH Hoseline Wiki"
"US","31183","Indiana WX Ops","LH Hoseline Wiki"
"US","31184","Parke-Vermillion CO","LH Hoseline Wiki"
"US","31188","SIN","LH Hoseline Wiki"
"US","31189","Crossroads Statewide","LH Hoseline Wiki"
"US","31190","Iowa TAC","LH Hoseline Wiki"
"US","31191","IA DSM 1","LH Hoseline Wiki"
"US","31193","IA NW 3","LH Hoseline Wiki"
"US","31194","IA SW 4","LH Hoseline Wiki"
"US","31195","IA SE 5","LH Hoseline Wiki"
"US","31196","IA CID 6","LH Hoseline Wiki"
"US","31197","WCARES","LH Hoseline Wiki"
"US","31198","NWS DVN","LH Hoseline Wiki"
"US","31199","NWS DMX/SEOC","LH Hoseline Wiki"
"US","31200","Ks Sw ARES","LH Hoseline Wiki"
"US","31201","BYRG","LH Hoseline Wiki"
"US","31202","BYRG Spotting","LH Hoseline Wiki"
"US","31203","Kansas TAC","LH Hoseline Wiki"
"US","31204","Central Kansas","LH Hoseline Wiki"
"US","31206","Cen Ks Skywarn","LH Hoseline Wiki"
"US","31207","Jackson County Chat","LH Hoseline Wiki"
"US","31208","WY CO RACES","LH Hoseline Wiki"
"US","31209","WY CO CERT","LH Hoseline Wiki"
"US","31211","KY ARES Statewide","LH Hoseline Wiki"
"US","31212","NE KY WX Spotters","LH Hoseline Wiki"
"US","31213","East Kentucky","LH Hoseline Wiki"
"US","31214","Kentucky TAC","LH Hoseline Wiki"
"US","31220","Louisiana TAC","LH Hoseline Wiki"
"US","31222","LA AUXCOMM","LH Hoseline Wiki"
"US","31225","Southeast Louisiana","LH Hoseline Wiki"
"US","31226","Gulf Coast Link System","LH Hoseline Wiki"
"US","31229","ArkLaTex","LH Hoseline Wiki"
"US","31230","Maine TAC","LH Hoseline Wiki"
"US","31240","RC CGR DST","LH Hoseline Wiki"
"US","31242","MD TAC","LH Hoseline Wiki"
"US","31250","Massachusetts TAC","LH Hoseline Wiki"
"US","31251","Metro Boston","LH Hoseline Wiki"
"US","31252","Berkshire County","LH Hoseline Wiki"
"US","31254","XRF054 C","LH Hoseline Wiki"
"US","31255","HCRA","LH Hoseline Wiki"
"US","31257","NEARC","LH Hoseline Wiki"
"US","31260","Michigan WX ARES EmComm","LH Hoseline Wiki"
"US","31261","Mi5-STATEWIDE1","LH Hoseline Wiki"
"US","31262","Mi5-STATEWIDE2","LH Hoseline Wiki"
"US","31263","Mi5-EVENT1","LH Hoseline Wiki"
"US","31264","Michigan TAC","LH Hoseline Wiki"
"US","31265","Mi5-EVENT3","LH Hoseline Wiki"
"US","31266","Michigan Nets","LH Hoseline Wiki"
"US","31267","West Michigan","LH Hoseline Wiki"
"US","31268","UP of Michigan","LH Hoseline Wiki"
"US","31269","WMTG","LH Hoseline Wiki"
"US","31270","Minnesota TAC","LH Hoseline Wiki"
"US","31271","CMNDMR","LH Hoseline Wiki"
"US","31272","Minn Metro","LH Hoseline Wiki"
"US","31273","Northstar Hub","LH Hoseline Wiki"
"US","31275","Southern MN","LH Hoseline Wiki"
"US","31276","Minnesota ARES","LH Hoseline Wiki"
"US","31280","Mississippi TAC","LH Hoseline Wiki"
"US","31281","XRF813 A","LH Hoseline Wiki"
"US","31285","NorthEast MS","LH Hoseline Wiki"
"US","31290","Missouri ARES","LH Hoseline Wiki"
"US","31291","SWMO","LH Hoseline Wiki"
"US","31292","STL Metro","LH Hoseline Wiki"
"US","31293","Branson Area","LH Hoseline Wiki"
"US","31294","NW Missouri","LH Hoseline Wiki"
"US","31295","SE Missouri","LH Hoseline Wiki"
"US","31296","Central Missouri","LH Hoseline Wiki"
"US","31297","SW MO SkyWarn","LH Hoseline Wiki"
"US","31298","KCN ARES","LH Hoseline Wiki"
"US","31299","Missouri TAC","LH Hoseline Wiki"
"US","31300","Montana TAC","LH Hoseline Wiki"
"US","31301","MPRG","LH Hoseline Wiki"
"US","31302","MPRG 2","LH Hoseline Wiki"
"US","31304","NW7RG-USA","LH Hoseline Wiki"
"US","31305","Bitterroot Valley","LH Hoseline Wiki"
"US","31309","Montana ARES","LH Hoseline Wiki"
"US","31310","Nebraska EmComm","LH Hoseline Wiki"
"US","31311","Nebraska_Hub","LH Hoseline Wiki"
"US","31319","Nebraska TAC","LH Hoseline Wiki"
"US","31320","NV TAC","LH Hoseline Wiki"
"US","31321","NV 1","LH Hoseline Wiki"
"US","31322","NV ARES","LH Hoseline Wiki"
"US","31323","ENARS","LH Hoseline Wiki"
"US","31324","NV4","LH Hoseline Wiki"
"US","31325","HXO","LH Hoseline Wiki"
"US","31326","Burning Man","LH Hoseline Wiki"
"US","31327","Las Vegas","LH Hoseline Wiki"
"US","31328","SNARS (Reno/Tahoe)","LH Hoseline Wiki"
"US","31329","SNARS 2","LH Hoseline Wiki"
"US","31330","EmComm","LH Hoseline Wiki"
"US","31331","New Hampshire TAC","LH Hoseline Wiki"
"US","31332","New Hampshire North","LH Hoseline Wiki"
"US","31333","New Hampshire South","LH Hoseline Wiki"
"US","31334","New Hampshire East","LH Hoseline Wiki"
"US","31335","New Hampshire West","LH Hoseline Wiki"
"US","31340","CNJHAM","LH Hoseline Wiki"
"US","31341","South Jersey","LH Hoseline Wiki"
"US","31342","North Jersey","LH Hoseline Wiki"
"US","31343","New Jersey TAC","LH Hoseline Wiki"
"US","31349","N2MO OMARC","LH Hoseline Wiki"
"US","31350","NM TAC","LH Hoseline Wiki"
"US","31360","NY-NJ-PA TriState","LH Hoseline Wiki"
"US","31361","Upstate NY","LH Hoseline Wiki"
"US","31362","NY-Metro","LH Hoseline Wiki"
"US","31363","ADK","LH Hoseline Wiki"
"US","31364","Lower Hudson Valley","LH Hoseline Wiki"
"US","31365","K2MAK","LH Hoseline Wiki"
"US","31366","New York TAC","LH Hoseline Wiki"
"US","31367","Southern Tier NY","LH Hoseline Wiki"
"US","31368","Mid-Hudson Valley","LH Hoseline Wiki"
"US","31369","Monroe County","LH Hoseline Wiki"
"US","31370","NC TAC","LH Hoseline Wiki"
"US","31371","Triangle, NC","LH Hoseline Wiki"
"US","31373","Eastern NC","LH Hoseline Wiki"
"US","31374","Carolina Link","LH Hoseline Wiki"
"US","31375","The Hornet's Nest","LH Hoseline Wiki"
"US","31376","WNC TacComm","LH Hoseline Wiki"
"US","31377","Outer Banks","LH Hoseline Wiki"
"US","31378","NC Weather","LH Hoseline Wiki"
"US","31380","North Dakota TAC","LH Hoseline Wiki"
"US","31390","Ohio TAC","LH Hoseline Wiki"
"US","31391","NorthEast Ohio","LH Hoseline Wiki"
"US","31392","Central OH WX","LH Hoseline Wiki"
"US","31393","SouthEast Ohio","LH Hoseline Wiki"
"US","31394","SW Ohio","LH Hoseline Wiki"
"US","31395","ARES","LH Hoseline Wiki"
"US","31396","Ohio TAC","LH Hoseline Wiki"
"US","31398","EMCOMM","LH Hoseline Wiki"
"US","31399","Ohio-Link-YSF","LH Hoseline Wiki"
"US","31400","OK TAC","LH Hoseline Wiki"
"US","31401","OK Central","LH Hoseline Wiki"
"US","31402","OK East","LH Hoseline Wiki"
"US","31403","YSF Oklahoma Link","LH Hoseline Wiki"
"US","31404","SE OK EM TAC","LH Hoseline Wiki"
"US","31408","Oklahoma WX","LH Hoseline Wiki"
"US","31410","Oregon TAC","LH Hoseline Wiki"
"US","31411","Central Oregon","LH Hoseline Wiki"
"US","31412","Western Oregon","LH Hoseline Wiki"
"US","31419","RepeaterBook","LH Hoseline Wiki"
"US","31420","PEMA EmComm RACES","LH Hoseline Wiki"
"US","31421","PA Tac (Inside State Communications)","LH Hoseline Wiki"
"US","31422","Western PA","LH Hoseline Wiki"
"US","31423","North-Central PA","LH Hoseline Wiki"
"US","31424","North East PA","LH Hoseline Wiki"
"US","31425","PA Cross-mode","LH Hoseline Wiki"
"US","31427","Tri-County","LH Hoseline Wiki"
"US","31431","New York TAC","LH Hoseline Wiki"
"US","31441","Rhode Island TAC","LH Hoseline Wiki"
"US","31444","Rhode Island Digital Link","LH Hoseline Wiki"
"US","31445","Quahog Repeater Network","LH Hoseline Wiki"
"US","31450","SC ARES","LH Hoseline Wiki"
"US","31451","SC TAC","LH Hoseline Wiki"
"US","31456","Low Country","LH Hoseline Wiki"
"US","31457","Upstate","LH Hoseline Wiki"
"US","31458","Midlands","LH Hoseline Wiki"
"US","31459","Pee Dee, SC","LH Hoseline Wiki"
"US","31460","SD ARES","LH Hoseline Wiki"
"US","31461","SD TAC","LH Hoseline Wiki"
"US","31466","SD Digital Hub","LH Hoseline Wiki"
"US","31471","Memphis Metro","LH Hoseline Wiki"
"US","31472","TN Skywarn MTEARS","LH Hoseline Wiki"
"US","31473","Knox-Metro area","LH Hoseline Wiki"
"US","31474","Fusion-Link","LH Hoseline Wiki"
"US","31475","Tennessee TAC","LH Hoseline Wiki"
"US","31476","Tennessee ARES","LH Hoseline Wiki"
"US","31478","TEMA","LH Hoseline Wiki"
"US","31480","TX Chat","LH Hoseline Wiki"
"US","31481","North Texas","LH Hoseline Wiki"
"US","31482","South Texas","LH Hoseline Wiki"
"US","31483","West Texas","LH Hoseline Wiki"
"US","31484","SouthEast Texas","LH Hoseline Wiki"
"US","31487","TX ARES EmComm","LH Hoseline Wiki"
"US","31488","Central Texas","LH Hoseline Wiki"
"US","31489","Texas TAC","LH Hoseline Wiki"
"US","31491","Northern Utah","LH Hoseline Wiki"
"US","31492","Davis Utah","LH Hoseline Wiki"
"US","31493","Northeast Utah","LH Hoseline Wiki"
"US","31499","Utah TAC","LH Hoseline Wiki"
"US","31500","Vermont TAC","LH Hoseline Wiki"
"US","31510","VA TAC","LH Hoseline Wiki"
"US","31511","Richmond Metro","LH Hoseline Wiki"
"US","31512","ARES Emcomm","LH Hoseline Wiki"
"US","31513","Southwest Virginia","LH Hoseline Wiki"
"US","31514","Shenandoah Valley","LH Hoseline Wiki"
"US","31515","Tidewater VA","LH Hoseline Wiki"
"US","31516","VA PENINSULA","LH Hoseline Wiki"
"US","31530","PNW-West","LH Hoseline Wiki"
"US","31531","Olympic Peninsula","LH Hoseline Wiki"
"US","31532","Washington TAC","LH Hoseline Wiki"
"US","31538","Washington State ARES","LH Hoseline Wiki"
"US","31539","Washington State ARES TAC","LH Hoseline Wiki"
"US","31540","West Virginia TAC","LH Hoseline Wiki"
"US","31541","West Virginia ARES","LH Hoseline Wiki"
"US","31550","Wisconsin TAC","LH Hoseline Wiki"
"US","31551","WI--Fusion","LH Hoseline Wiki"
"US","31556","WI Ares/Emcomm","LH Hoseline Wiki"
"US","31560","SE Wyoming chat","LH Hoseline Wiki"
"US","31561","Wyoming Tac","LH Hoseline Wiki"
"US","31563","Wyoming Severe WX","LH Hoseline Wiki"
"US","31564","SW Wyoming","LH Hoseline Wiki"
"US","31565","NW Wyoming","LH Hoseline Wiki"
"US","31566","NE Wyoming","LH Hoseline Wiki"
"US","31567","Central Wyoming","LH Hoseline Wiki"
"US","31600","USA - Area 0","LH Hoseline Wiki"
"US","31601","USA - Area 1","LH Hoseline Wiki"
"US","31602","USA - Area 2","LH Hoseline Wiki"
"US","31603","USA - Area 3","LH Hoseline Wiki"
"US","31604","USA - Area 4","LH Hoseline Wiki"
"US","31605","USA - Area 5","LH Hoseline Wiki"
"US","31606","USA - Area 6","LH Hoseline Wiki"
"US","31607","USA - Area 7","LH Hoseline Wiki"
"US","31608","USA - Area 8","LH Hoseline Wiki"
"US","31609","USA - Area 9","LH Hoseline Wiki"
"US","31620","Kings of Digital","LH Hoseline Wiki"
"US","31621","HRCC","LH Hoseline Wiki"
"US","31622","South East FL","LH Hoseline Wiki"
"US","31623","Public Safety Chat","LH Hoseline Wiki"
"US","31629","SwiNe","LH Hoseline Wiki"
"US","31652","RVing Hams","LH Hoseline Wiki"
"US","31654","4SQRP","LH Hoseline Wiki"
"US","31655","Venture Overland","LH Hoseline Wiki"
"US","31660","Ocean County NJ","LH Hoseline Wiki"
"US","31661","OMIK","LH Hoseline Wiki"
"US","31662","LIMARC","LH Hoseline Wiki"
"US","31663","Truck-N-Travel","LH Hoseline Wiki"
"US","31665","DMR Campfire-No LINKS No Crossmode","LH Hoseline Wiki"
"US","31666","DMR of Anarchy","LH Hoseline Wiki"
"US","31667","Old Friends","LH Hoseline Wiki"
"US","31670","Florida Gulf Coast","LH Hoseline Wiki"
"US","31672","PI-Star Chat","LH Hoseline Wiki"
"US","31673","R5AUXCOMM","LH Hoseline Wiki"
"US","31675","REF020A Bridge","LH Hoseline Wiki"
"US","31676","Allstar 46031/Wires-X","LH Hoseline Wiki"
"US","31677","OEI Repeater Group","LH Hoseline Wiki"
"US","31678","Catawba Valley DMR","LH Hoseline Wiki"
"US","31686","Metropolitan Amateur Repeater System","LH Hoseline Wiki"
"US","31689","FDMRCCU","LH Hoseline Wiki"
"US","31697","Russian Americans","LH Hoseline Wiki"
"US","31699","Greek Americans","LH Hoseline Wiki"
"US","31771","PNWR","LH Hoseline Wiki"
"US","31801","The Gathering Spot","LH Hoseline Wiki"
"US","31821","Jefferson State","LH Hoseline Wiki"
"US","31900","900 Mhz Repeaters","LH Hoseline Wiki"
"US","310997","Parrot","LH Hoseline Wiki"
"UY","748","Uruguay","LH Hoseline Wiki"
"UY","7487","Uruguay Link","LH Hoseline Wiki"
"UY","7489","Hamradio UY","LH Hoseline Wiki"
"UY","74801","Montevideo","LH Hoseline Wiki"
"UY","74803","Artigas","LH Hoseline Wiki"
"UY","74804","Canelones","LH Hoseline Wiki"
"UY","74805","Cerro Largo","LH Hoseline Wiki"
"UY","74806","Colonia","LH Hoseline Wiki"
"UY","74807","Durazno","LH Hoseline Wiki"
"UY","74808","Flores","LH Hoseline Wiki"
"UY","74809","Florida","LH Hoseline Wiki"
"UY","74810","Lavalleja","LH Hoseline Wiki"
"UY","74811","Maldonado","LH Hoseline Wiki"
"UY","74812","Paysandú","LH Hoseline Wiki"
"UY","74813","R Negro","LH Hoseline Wiki"
"UY","74814","Rivera","LH Hoseline Wiki"
"UY","74815","Rocha","LH Hoseline Wiki"
"UY","74816","Salto","LH Hoseline Wiki"
"UY","74817","San José","LH Hoseline Wiki"
"UY","74818","Soriano","LH Hoseline Wiki"
"UY","74819","Tacuaremb'","LH Hoseline Wiki"
"UY","74820","Treinta y Tres","LH Hoseline Wiki"
"UY","74830","CX TAC 1","LH Hoseline Wiki"
"UY","74840","CX TAC 2","LH Hoseline Wiki"
"UZ","434","Uzbekistan","LH Hoseline Wiki"
"VE","734","Venezuela","LH Hoseline Wiki"
"VE","73452","YVRNE","LH Hoseline Wiki"
"VE","734911","EMCOMM RNE Venezuela","LH Hoseline Wiki"
"VI","376","Turks and Caicos Islands","LH Hoseline Wiki"
"VN","452","Vietnam","LH Hoseline Wiki"
"ZA","655","South Africa","LH Hoseline Wiki"
"ZA","6558","SARL Hamnet","LH Hoseline Wiki"

